nhom,thang,chu_de_thang,tuan,thu,gio,nghi_thuc,ma_bai,tieu_de,tru_cot_ghi_trong_bai,tru_cot_chuan,care,co_binh_luan_ghim,cua_chuyen_tang,tep_nguon
G1,01,nen mong,2,Thứ Hai,05:45,Khởi Nguyên,,Việc nhỏ nhất bạn làm được ngay sáng nay là gì?,Kết nối & nghi thức,Kết nối & nghi thức,CARE-2,Có,Không,G1-thang-01-nen-mong.md
G1,01,nen mong,2,Thứ Ba,19:45,Giải Mã,,"Bạn đang sửa hiện tượng, thói quen, hay niềm tin?",Nhận thức & tư duy,Giải mã & cơ chế,CARE-3,Có,Không,G1-thang-01-nen-mong.md
G1,01,nen mong,2,Thứ Tư,05:45,Cho Là Nhận,,Trả lời một người đang loay hoay đúng chỗ bạn từng đứng,Thực hành có hướng dẫn,Kết nối & nghi thức,CARE-2,Không,Không,G1-thang-01-nen-mong.md
G1,01,nen mong,2,Thứ Năm,20:00,Hỏi & Đáp Cùng Cố Vấn,,Gỡ rối ba tình huống khó nhất tuần này,Kết nối & nghi thức,Cộng đồng,CARE-3,Có,Không,G1-thang-01-nen-mong.md
G1,01,nen mong,2,Thứ Sáu,19:45,Bằng Chứng,,Ba lần bỏ cuộc và lần thứ tư,Bằng chứng & câu chuyện,Câu chuyện thật,CARE-3,Không,Không,G1-thang-01-nen-mong.md
G1,01,nen mong,2,Thứ Bảy,08:00,Thực Chiến,,Bài tập: vẽ bản đồ một ngày của bạn,Thực hành có hướng dẫn,Kỹ năng & hoạt động,CARE-2,Có,Không,G1-thang-01-nen-mong.md
G1,01,nen mong,2,Chủ nhật,21:00,Tổng Kết & Vinh Danh,,Tuần hai — và con số xanh của cả nhóm,Cộng đồng,Cộng đồng,CARE-3,Không,Không,G1-thang-01-nen-mong.md
G1,01,nen mong,3,Thứ Hai,05:45,Khởi Nguyên,,Tuần trước bạn bỏ dở điều gì — tuần này nhặt lại chứ?,Kết nối & nghi thức,Kết nối & nghi thức,CARE-2,Có,Không,G1-thang-01-nen-mong.md
G1,01,nen mong,3,Thứ Ba,19:45,Giải Mã,,Bạn đang giải quyết vấn đề hay đang né tránh nó?,Nhận thức & tư duy,Giải mã & cơ chế,CARE-3,Có,Không,G1-thang-01-nen-mong.md
G1,01,nen mong,3,Thứ Tư,05:45,Cho Là Nhận,,Gửi một lời cảm ơn bạn nợ ai đó đã lâu,Thực hành có hướng dẫn,Kết nối & nghi thức,CARE-2,Không,Không,G1-thang-01-nen-mong.md
G1,01,nen mong,3,Thứ Năm,20:00,Hỏi & Đáp Cùng Cố Vấn,,Khi mục tiêu và thực tế không gặp nhau,Kết nối & nghi thức,Cộng đồng,CARE-3,Có,Không,G1-thang-01-nen-mong.md
G1,01,nen mong,3,Thứ Sáu,19:45,Bằng Chứng,,Chị ấy bắt đầu bằng mười phút mỗi sáng,Bằng chứng & câu chuyện,Câu chuyện thật,CARE-3,Không,Không,G1-thang-01-nen-mong.md
G1,01,nen mong,3,Thứ Bảy,08:00,Thực Chiến,,Bài tập: bảy câu hỏi dọn nội tâm,Thực hành có hướng dẫn,Kỹ năng & hoạt động,CARE-2,Có,Không,G1-thang-01-nen-mong.md
G1,01,nen mong,3,Chủ nhật,21:00,Tổng Kết & Vinh Danh,,Tuần ba — những câu chúng ta khoanh tròn,Cộng đồng,Cộng đồng,CARE-3,Không,Không,G1-thang-01-nen-mong.md
G1,01,nen mong,4,Thứ Hai,05:45,Khởi Nguyên,,"Một mục tiêu, một người đồng hành",Kết nối & nghi thức,Kết nối & nghi thức,CARE-2,Có,Không,G1-thang-01-nen-mong.md
G1,01,nen mong,4,Thứ Ba,19:45,Giải Mã,,Cái giá thật của việc trì hoãn một quyết định,Nhận thức & tư duy,Giải mã & cơ chế,CARE-3,Có,Không,G1-thang-01-nen-mong.md
G1,01,nen mong,4,Thứ Tư,05:45,Cho Là Nhận,,Chia sẻ một sai lầm để người khác đỡ vấp,Thực hành có hướng dẫn,Kết nối & nghi thức,CARE-2,Không,Không,G1-thang-01-nen-mong.md
G1,01,nen mong,4,Thứ Năm,20:00,Hỏi & Đáp Cùng Cố Vấn,,Bắt đầu lại sau một lần thất bại,Kết nối & nghi thức,Cộng đồng,CARE-3,Có,Không,G1-thang-01-nen-mong.md
G1,01,nen mong,4,Thứ Sáu,19:45,Bằng Chứng,,Ngày tôi thôi đổ lỗi cho hoàn cảnh,Bằng chứng & câu chuyện,Câu chuyện thật,CARE-3,Không,Không,G1-thang-01-nen-mong.md
G1,01,nen mong,4,Thứ Bảy,08:00,Thực Chiến,,Bài tập: chọn một điều để buông trong tuần này,Thực hành có hướng dẫn,Kỹ năng & hoạt động,CARE-2,Có,Không,G1-thang-01-nen-mong.md
G1,01,nen mong,4,Chủ nhật,21:00,Tổng Kết & Vinh Danh · Khép Tháng,,Khép tháng đầu tiên — chúng ta đã đi được tới đâu,Mời gọi hành động,Cộng đồng,CARE-3,Có,Có,G1-thang-01-nen-mong.md
G1,02,nang luc,5,Thứ Hai,05:45,Khởi Nguyên,,Tuần này bạn rèn kỷ luật ở đúng một điểm nào?,Kết nối & nghi thức,Kết nối & nghi thức,CARE-2,Có,Không,G1-thang-02-nang-luc.md
G1,02,nang luc,5,Thứ Ba,19:45,Giải Mã,,Kỷ luật không phải ý chí — nó là thiết kế,Nhận thức & tư duy,Giải mã & cơ chế,CARE-3,Có,Không,G1-thang-02-nang-luc.md
G1,02,nang luc,5,Thứ Tư,05:45,Cho Là Nhận,,Dạy lại điều bạn vừa học được tuần này,Thực hành có hướng dẫn,Kết nối & nghi thức,CARE-2,Không,Không,G1-thang-02-nang-luc.md
G1,02,nang luc,5,Thứ Năm,20:00,Hỏi & Đáp Cùng Cố Vấn,,"Quản trị bản thân: hỏi thẳng, đáp thật",Kết nối & nghi thức,Cộng đồng,CARE-3,Có,Không,G1-thang-02-nang-luc.md
G1,02,nang luc,5,Thứ Sáu,19:45,Bằng Chứng,,Chín mươi ngày và một cuốn sổ,Bằng chứng & câu chuyện,Câu chuyện thật,CARE-3,Không,Không,G1-thang-02-nang-luc.md
G1,02,nang luc,5,Thứ Bảy,08:00,Thực Chiến,,Bài tập: thiết kế lại buổi sáng của bạn,Thực hành có hướng dẫn,Kỹ năng & hoạt động,CARE-2,Có,Không,G1-thang-02-nang-luc.md
G1,02,nang luc,5,Chủ nhật,21:00,Tổng Kết & Vinh Danh,,Tuần đầu tháng Năng lực — và những ma sát vừa được đổi,Cộng đồng,Cộng đồng,CARE-3,Không,Không,G1-thang-02-nang-luc.md
G1,02,nang luc,6,Thứ Hai,05:45,Khởi Nguyên,,Chọn một việc khó và làm nó trước 9 giờ sáng,Kết nối & nghi thức,Kết nối & nghi thức,CARE-2,Có,Không,G1-thang-02-nang-luc.md
G1,02,nang luc,6,Thứ Ba,19:45,Giải Mã,,Năng lượng quan trọng hơn thời gian,Nhận thức & tư duy,Giải mã & cơ chế,CARE-3,Có,Không,G1-thang-02-nang-luc.md
G1,02,nang luc,6,Thứ Tư,05:45,Cho Là Nhận,,Tặng ai đó hai mươi phút của bạn,Thực hành có hướng dẫn,Kết nối & nghi thức,CARE-2,Không,Không,G1-thang-02-nang-luc.md
G1,02,nang luc,6,Thứ Năm,20:00,Hỏi & Đáp Cùng Cố Vấn,,Làm sao giữ nhịp khi công việc quá tải?,Kết nối & nghi thức,Cộng đồng,CARE-3,Có,Không,G1-thang-02-nang-luc.md
G1,02,nang luc,6,Thứ Sáu,19:45,Bằng Chứng,,Anh ấy học lại cách nói chuyện với con,Bằng chứng & câu chuyện,Câu chuyện thật,CARE-3,Không,Không,G1-thang-02-nang-luc.md
G1,02,nang luc,6,Thứ Bảy,08:00,Thực Chiến,,Bài tập: bảng quản trị năng lượng bảy ngày,Thực hành có hướng dẫn,Kỹ năng & hoạt động,CARE-2,Có,Không,G1-thang-02-nang-luc.md
G1,02,nang luc,6,Chủ nhật,21:00,Tổng Kết & Vinh Danh,,Tuần hai — chúng ta đang tỉnh táo nhất lúc mấy giờ?,Cộng đồng,Cộng đồng,CARE-3,Không,Không,G1-thang-02-nang-luc.md
G1,02,nang luc,7,Thứ Hai,05:45,Khởi Nguyên,,Tuần này bạn dám nhìn vào con số nào?,Kết nối & nghi thức,Kết nối & nghi thức,CARE-2,Có,Không,G1-thang-02-nang-luc.md
G1,02,nang luc,7,Thứ Ba,19:45,Giải Mã,,Bốn cái hố của người mới quản lý tiền,Nhận thức & tư duy,Giải mã & cơ chế,CARE-3,Có,Không,G1-thang-02-nang-luc.md
G1,02,nang luc,7,Thứ Tư,05:45,Cho Là Nhận,,Chỉ cho một người cách bạn tiết kiệm được khoản đầu tiên,Thực hành có hướng dẫn,Kết nối & nghi thức,CARE-2,Không,Không,G1-thang-02-nang-luc.md
G1,02,nang luc,7,Thứ Năm,20:00,Hỏi & Đáp Cùng Cố Vấn,,Tiền bạc trong gia đình: những câu khó nói,Kết nối & nghi thức,Cộng đồng,CARE-3,Có,Không,G1-thang-02-nang-luc.md
G1,02,nang luc,7,Thứ Sáu,19:45,Bằng Chứng,,Từ nợ nần đến khoản tiết kiệm đầu tiên,Bằng chứng & câu chuyện,Câu chuyện thật,CARE-3,Không,Không,G1-thang-02-nang-luc.md
G1,02,nang luc,7,Thứ Bảy,08:00,Thực Chiến,,Bài tập: ba con số về tiền của bạn,Thực hành có hướng dẫn,Kỹ năng & hoạt động,CARE-2,Có,Không,G1-thang-02-nang-luc.md
G1,02,nang luc,7,Chủ nhật,21:00,Tổng Kết & Vinh Danh,,Tuần ba — tuần chúng ta dám nhìn,Cộng đồng,Cộng đồng,CARE-3,Không,Không,G1-thang-02-nang-luc.md
G1,02,nang luc,8,Thứ Hai,05:45,Khởi Nguyên,,"Một kỹ năng, hai mươi phút mỗi ngày",Kết nối & nghi thức,Kết nối & nghi thức,CARE-2,Có,Không,G1-thang-02-nang-luc.md
G1,02,nang luc,8,Thứ Ba,19:45,Giải Mã,,Vì sao bạn học nhiều mà đổi thay ít?,Nhận thức & tư duy,Giải mã & cơ chế,CARE-3,Có,Không,G1-thang-02-nang-luc.md
G1,02,nang luc,8,Thứ Tư,05:45,Cho Là Nhận,,Giới thiệu hai người trong nhóm nên quen nhau,Thực hành có hướng dẫn,Kết nối & nghi thức,CARE-2,Không,Không,G1-thang-02-nang-luc.md
G1,02,nang luc,8,Thứ Năm,20:00,Hỏi & Đáp Cùng Cố Vấn,,Học một kỹ năng mới khi đã không còn trẻ,Kết nối & nghi thức,Cộng đồng,CARE-3,Có,Không,G1-thang-02-nang-luc.md
G1,02,nang luc,8,Thứ Sáu,19:45,Bằng Chứng,,Cô giáo về hưu bắt đầu lại từ con số không,Bằng chứng & câu chuyện,Câu chuyện thật,CARE-3,Không,Không,G1-thang-02-nang-luc.md
G1,02,nang luc,8,Thứ Bảy,08:00,Thực Chiến,,Bài tập: cắt một thói quen tốn giờ,Thực hành có hướng dẫn,Kỹ năng & hoạt động,CARE-2,Có,Không,G1-thang-02-nang-luc.md
G1,02,nang luc,8,Chủ nhật,21:00,Tổng Kết & Vinh Danh · Khép Tháng,,Khép tháng Năng lực — hai tháng của nhóm mình,Mời gọi hành động,Cộng đồng,CARE-3,Có,Có,G1-thang-02-nang-luc.md
G1,03,nhan ban,9,Thứ Hai,05:45,Khởi Nguyên,,Tuần này bạn đã giúp ai một việc?,Kết nối & nghi thức,Kết nối & nghi thức,CARE-2,Không,Không,G1-thang-03-nhan-ban.md
G1,03,nhan ban,9,Thứ Ba,19:45,Giải Mã,,Vì sao người tử tế lại là người kiệt sức trước?,Giải mã & cơ chế,Giải mã & cơ chế,CARE-3,Không,Không,G1-thang-03-nhan-ban.md
G1,03,nhan ban,9,Thứ Tư,05:45,Cho Là Nhận,,Việc tử tế nhỏ nhất bạn làm được trong hôm nay,Kết nối & nghi thức,Kết nối & nghi thức,CARE-2,Không,Không,G1-thang-03-nhan-ban.md
G1,03,nhan ban,9,Thứ Năm,20:00,Hỏi & Đáp Cùng Cố Vấn,,Hỏi & Đáp: từ chối thế nào để không mất người,Cộng đồng,Cộng đồng,CARE-4,Không,Không,G1-thang-03-nhan-ban.md
G1,03,nhan ban,9,Thứ Sáu,19:45,Bằng Chứng,,Người đàn ông giúp cả xóm và không ai giúp lại,Câu chuyện thật,Câu chuyện thật,CARE-5,Không,Không,G1-thang-03-nhan-ban.md
G1,03,nhan ban,9,Thứ Bảy,08:00,Thực Chiến,,Thực chiến: nhờ một người một việc trong tuần này,Kỹ năng & thực hành,Kỹ năng & hoạt động,CARE-6,Không,Không,G1-thang-03-nhan-ban.md
G1,03,nhan ban,9,Chủ nhật,21:00,Tổng Kết & Vinh Danh,,Tổng kết tuần 9 — ai đã nhờ được một người,Cộng đồng,Cộng đồng,CARE-7,Không,Không,G1-thang-03-nhan-ban.md
G1,03,nhan ban,10,Thứ Hai,05:45,Khởi Nguyên,,Bạn đang dẫn dắt ai — dù không có chức danh gì?,Kết nối & nghi thức,Kết nối & nghi thức,CARE-2,Không,Không,G1-thang-03-nhan-ban.md
G1,03,nhan ban,10,Thứ Ba,19:45,Giải Mã,,Bạn không cần hoàn hảo để dẫn — bạn cần đi trước một bước,Giải mã & cơ chế,Giải mã & cơ chế,CARE-3,Không,Không,G1-thang-03-nhan-ban.md
G1,03,nhan ban,10,Thứ Tư,05:45,Cho Là Nhận,,"Hôm nay hỏi một người ba câu, đừng khuyên gì",Kết nối & nghi thức,Kết nối & nghi thức,CARE-2,Không,Không,G1-thang-03-nhan-ban.md
G1,03,nhan ban,10,Thứ Năm,20:00,Hỏi & Đáp Cùng Cố Vấn,,Hỏi & Đáp: khi người mình dẫn không chịu thay đổi,Cộng đồng,Cộng đồng,CARE-4,Không,Không,G1-thang-03-nhan-ban.md
G1,03,nhan ban,10,Thứ Sáu,19:45,Bằng Chứng,,Chị tổ trưởng không giỏi nhất phòng,Câu chuyện thật,Câu chuyện thật,CARE-5,Không,Không,G1-thang-03-nhan-ban.md
G1,03,nhan ban,10,Thứ Bảy,08:00,Thực Chiến,,Thực chiến: dạy lại một việc bạn đang tự ôm,Kỹ năng & thực hành,Kỹ năng & hoạt động,CARE-6,Không,Không,G1-thang-03-nhan-ban.md
G1,03,nhan ban,10,Chủ nhật,21:00,Tổng Kết & Vinh Danh,,Tổng kết tuần 10 — người dẫn là người đi trước một bước,Cộng đồng,Cộng đồng,CARE-7,Không,Không,G1-thang-03-nhan-ban.md
G1,03,nhan ban,11,Thứ Hai,05:45,Khởi Nguyên,,"Trong đội của bạn, ai là người nói ít nhất?",Kết nối & nghi thức,Kết nối & nghi thức,CARE-2,Không,Không,G1-thang-03-nhan-ban.md
G1,03,nhan ban,11,Thứ Ba,19:45,Giải Mã,,Tin nhau không phải cảm giác — nó là kết quả của bốn việc lặp lại,Giải mã & cơ chế,Giải mã & cơ chế,CARE-3,Không,Không,G1-thang-03-nhan-ban.md
G1,03,nhan ban,11,Thứ Tư,05:45,Cho Là Nhận,,Hôm nay giữ đúng một lời hứa nhỏ,Kết nối & nghi thức,Kết nối & nghi thức,CARE-2,Không,Không,G1-thang-03-nhan-ban.md
G1,03,nhan ban,11,Thứ Năm,20:00,Hỏi & Đáp Cùng Cố Vấn,,Hỏi & Đáp: nói thẳng thế nào để không thành nói nặng,Cộng đồng,Cộng đồng,CARE-4,Không,Không,G1-thang-03-nhan-ban.md
G1,03,nhan ban,11,Thứ Sáu,19:45,Bằng Chứng,,Cuộc họp gia đình 20 phút mỗi Chủ nhật,Câu chuyện thật,Câu chuyện thật,CARE-5,Không,Không,G1-thang-03-nhan-ban.md
G1,03,nhan ban,11,Thứ Bảy,08:00,Thực Chiến,,Thực chiến: mở một cuộc họp 20 phút,Kỹ năng & thực hành,Kỹ năng & hoạt động,CARE-6,Không,Không,G1-thang-03-nhan-ban.md
G1,03,nhan ban,11,Chủ nhật,21:00,Tổng Kết & Vinh Danh,,Tổng kết tuần 11 — tin nhau được dựng từ việc nhỏ,Cộng đồng,Cộng đồng,CARE-7,Không,Không,G1-thang-03-nhan-ban.md
G1,03,nhan ban,12,Thứ Hai,05:45,Khởi Nguyên,,"Ba tháng qua, ai đã thay đổi vì bạn?",Kết nối & nghi thức,Kết nối & nghi thức,CARE-2,Không,Không,G1-thang-03-nhan-ban.md
G1,03,nhan ban,12,Thứ Ba,19:45,Giải Mã,,Sống có ảnh hưởng mà không mất mình,Giải mã & cơ chế,Giải mã & cơ chế,CARE-3,Không,Không,G1-thang-03-nhan-ban.md
G1,03,nhan ban,12,Thứ Tư,05:45,Cho Là Nhận,,"Hôm nay làm một việc chỉ cho mình, 30 phút",Kết nối & nghi thức,Kết nối & nghi thức,CARE-2,Không,Không,G1-thang-03-nhan-ban.md
G1,03,nhan ban,12,Thứ Năm,20:00,Hỏi & Đáp Cùng Cố Vấn,,Hỏi & Đáp cuối tháng: mọi câu còn lại,Cộng đồng,Cộng đồng,CARE-4,Không,Không,G1-thang-03-nhan-ban.md
G1,03,nhan ban,12,Thứ Sáu,19:45,Bằng Chứng,,Người phụ nữ dừng lại sau mười lăm năm gánh cả họ,Câu chuyện thật,Câu chuyện thật,CARE-5,Không,Không,G1-thang-03-nhan-ban.md
G1,03,nhan ban,12,Thứ Bảy,08:00,Thực Chiến,,Thực chiến: đặt xuống một việc,Kỹ năng & thực hành,Kỹ năng & hoạt động,CARE-6,Không,Không,G1-thang-03-nhan-ban.md
G1,03,nhan ban,12,Chủ nhật,21:00,Tổng Kết & Vinh Danh · Khép Tháng,,Khép tháng NHÂN BẢN — và một lời mời,Cộng đồng,Cộng đồng,CARE-8,Có,Có,G1-thang-03-nhan-ban.md
G2,01,ket noi,1,Thứ Hai,11:45,Bài nhẹ,G2-W01-T2-N,"Hai đứa tranh nhau một món đồ chơi, nhà mình xử lý thế nào?",Kỹ năng cha mẹ – vợ chồng,Kết nối & nghi thức,CARE-1,Không,Không,G2-thang-01-ket-noi.md
G2,01,ket noi,1,Thứ Hai,19:45,Nhiệm Vụ Gia Đình Tuần,G2-W01-T2-NHIEMVU,Làm sao để cả nhà rời điện thoại vào buổi tối?,Hoạt động gia đình,Kỹ năng & hoạt động,CARE-3,Có,Không,G2-thang-01-ket-noi.md
G2,01,ket noi,1,Thứ Ba,11:45,Bài nhẹ,G2-W01-T3-N,Tối qua nhà mình có mấy người ngồi ăn cơm cùng nhau?,Thi đua & vinh danh,Kết nối & nghi thức,CARE-1,Không,Không,G2-thang-01-ket-noi.md
G2,01,ket noi,1,Thứ Ba,17:30,Bàn Ăn Yêu Thương,G2-W01-T3-BANAN,Làm sao để con chịu kể chuyện ở trường?,Hoạt động gia đình,Kỹ năng & hoạt động,CARE-2,Có,Không,G2-thang-01-ket-noi.md
G2,01,ket noi,1,Thứ Tư,11:45,Bài nhẹ · mời nhận công cụ,G2-W01-T4-N,Tặng cả nhà bộ 30 câu hỏi bàn ăn,Mời nhận công cụ tầng 1,Cửa tầng 1 (công cụ miễn phí),CARE-1,Có,Không,G2-thang-01-ket-noi.md
G2,01,ket noi,1,Thứ Tư,19:45,Việc Tử Tế Của Gia Đình,G2-W01-T4-TUTE,Việc tử tế nhỏ nhất mà nhà mình làm được hôm nay là gì?,Câu chuyện gia đình,Giải mã & cơ chế,CARE-2,Không,Không,G2-thang-01-ket-noi.md
G2,01,ket noi,1,Thứ Năm,20:00,Cha Mẹ Tỉnh Thức,G2-W01-T5-CHAME,Con không nghe lời — nói gì thay vì quát?,Kỹ năng cha mẹ – vợ chồng,Giải mã & cơ chế,CARE-3,Có,Không,G2-thang-01-ket-noi.md
G2,01,ket noi,1,Thứ Sáu,19:45,Khoe Nhà Mình,G2-W01-T6-KHOENHA,Khoảnh khắc thật của nhà bạn tuần này,Câu chuyện gia đình,Câu chuyện thật,CARE-3,Không,Không,G2-thang-01-ket-noi.md
G2,01,ket noi,1,Thứ Bảy,08:00,Gia Đình Chơi Cùng Nhau,G2-W01-T7-CHOI,Chơi gì với con 15 phút mà không cần đồ chơi?,Hoạt động gia đình,Kỹ năng & hoạt động,CARE-2,Có,Không,G2-thang-01-ket-noi.md
G2,01,ket noi,1,Chủ nhật,21:00,Bảng Vinh Danh Gia Đình,G2-W01-CN-VINHDANH,Tuần đầu tiên của nhà mình — và những cái tên em muốn gọi,Thi đua & vinh danh,Cộng đồng,CARE-3,Có,Không,G2-thang-01-ket-noi.md
G2,01,ket noi,2,Thứ Hai,11:45,Bài nhẹ,G2-W02-T2-N,Nhà mình thường ăn tối lúc mấy giờ?,Hoạt động gia đình,Kết nối & nghi thức,CARE-1,Không,Không,G2-thang-01-ket-noi.md
G2,01,ket noi,2,Thứ Hai,19:45,Nhiệm Vụ Gia Đình Tuần,G2-W02-T2-NHIEMVU,Làm sao để cả nhà ăn cơm tối cùng nhau ít nhất 4 buổi một tuần?,Hoạt động gia đình,Kỹ năng & hoạt động,CARE-3,Có,Không,G2-thang-01-ket-noi.md
G2,01,ket noi,2,Thứ Ba,11:45,Bài nhẹ,G2-W02-T3-N,Món ăn nào mà cả nhà mình đều thích?,Câu chuyện gia đình,Kết nối & nghi thức,CARE-1,Không,Không,G2-thang-01-ket-noi.md
G2,01,ket noi,2,Thứ Ba,17:30,Bàn Ăn Yêu Thương,G2-W02-T3-BANAN,Làm sao dạy con biết ơn mà không phải giảng đạo lý?,Hoạt động gia đình,Kỹ năng & hoạt động,CARE-2,Có,Không,G2-thang-01-ket-noi.md
G2,01,ket noi,2,Thứ Tư,11:45,Bài nhẹ · mời nhận công cụ,G2-W02-T4-N,Tặng cả nhà 12 trò chơi gắn kết cha mẹ – con cái,Mời nhận công cụ tầng 1,Cửa tầng 1 (công cụ miễn phí),CARE-1,Có,Không,G2-thang-01-ket-noi.md
G2,01,ket noi,2,Thứ Tư,19:45,Việc Tử Tế Của Gia Đình,G2-W02-T4-TUTE,Cả nhà cùng giúp một người hàng xóm — bắt đầu từ đâu?,Câu chuyện gia đình,Giải mã & cơ chế,CARE-2,Không,Không,G2-thang-01-ket-noi.md
G2,01,ket noi,2,Thứ Năm,20:00,Cha Mẹ Tỉnh Thức,G2-W02-T5-CHAME,Con nói dối — xử lý thế nào để lần sau con dám nói thật?,Kỹ năng cha mẹ – vợ chồng,Giải mã & cơ chế,CARE-3,Có,Không,G2-thang-01-ket-noi.md
G2,01,ket noi,2,Thứ Sáu,19:45,Khoe Nhà Mình,G2-W02-T6-KHOENHA,Bức ảnh nào nhà bạn muốn giữ lại để mười năm nữa xem lại?,Câu chuyện gia đình,Câu chuyện thật,CARE-3,Không,Không,G2-thang-01-ket-noi.md
G2,01,ket noi,2,Thứ Bảy,08:00,Gia Đình Chơi Cùng Nhau,G2-W02-T7-CHOI,Cả nhà cùng nấu một món — chia việc thế nào để con làm được thật?,Hoạt động gia đình,Kỹ năng & hoạt động,CARE-2,Có,Không,G2-thang-01-ket-noi.md
G2,01,ket noi,2,Chủ nhật,21:00,Bảng Vinh Danh Gia Đình,G2-W02-CN-VINHDANH,Tuần thứ hai — những gia đình đã giữ được nhịp,Thi đua & vinh danh,Cộng đồng,CARE-3,Có,Không,G2-thang-01-ket-noi.md
G2,01,ket noi,3,Thứ Hai,11:45,Bài nhẹ,G2-W03-T2-N,Nhà mình có quy tắc nào về điện thoại của con không?,Kỹ năng cha mẹ – vợ chồng,Kết nối & nghi thức,CARE-1,Không,Không,G2-thang-01-ket-noi.md
G2,01,ket noi,3,Thứ Hai,19:45,Nhiệm Vụ Gia Đình Tuần,G2-W03-T2-NHIEMVU,Làm sao để con tự giác làm việc nhà mà không phải nhắc?,Hoạt động gia đình,Kỹ năng & hoạt động,CARE-3,Có,Không,G2-thang-01-ket-noi.md
G2,01,ket noi,3,Thứ Ba,11:45,Bài nhẹ,G2-W03-T3-N,Ai rửa bát ở nhà mình?,Hoạt động gia đình,Kết nối & nghi thức,CARE-1,Không,Không,G2-thang-01-ket-noi.md
G2,01,ket noi,3,Thứ Ba,17:30,Bàn Ăn Yêu Thương,G2-W03-T3-BANAN,Làm sao để con dám nói ra chuyện khó ở trường?,Hoạt động gia đình,Kỹ năng & hoạt động,CARE-2,Có,Không,G2-thang-01-ket-noi.md
G2,01,ket noi,3,Thứ Tư,11:45,Bài nhẹ · mời nhận công cụ,G2-W03-T4-N,Nhật ký Cho là nhận — 21 ngày cho cả nhà,Mời nhận công cụ tầng 1,Cửa tầng 1 (công cụ miễn phí),CARE-1,Có,Không,G2-thang-01-ket-noi.md
G2,01,ket noi,3,Thứ Tư,19:45,Việc Tử Tế Của Gia Đình,G2-W03-T4-TUTE,Dạy con cho đi lần đầu tiên — làm thế nào để con không thấy tiếc?,Câu chuyện gia đình,Giải mã & cơ chế,CARE-2,Có,Không,G2-thang-01-ket-noi.md
G2,01,ket noi,3,Thứ Năm,20:00,Cha Mẹ Tỉnh Thức,G2-W03-T5-CHAME,Con dán mắt vào điện thoại — thương lượng thế nào cho có hiệu lực?,Kỹ năng cha mẹ – vợ chồng,Giải mã & cơ chế,CARE-3,Có,Không,G2-thang-01-ket-noi.md
G2,01,ket noi,3,Thứ Sáu,19:45,Khoe Nhà Mình,G2-W03-T6-KHOENHA,Góc nhỏ nhất trong nhà mà cả nhà mình đều thích,Câu chuyện gia đình,Câu chuyện thật,CARE-3,Không,Không,G2-thang-01-ket-noi.md
G2,01,ket noi,3,Thứ Bảy,08:00,Gia Đình Chơi Cùng Nhau,G2-W03-T7-CHOI,Trò chơi nào rèn được tính kiên nhẫn cho con trong 15 phút?,Hoạt động gia đình,Kỹ năng & hoạt động,CARE-2,Có,Không,G2-thang-01-ket-noi.md
G2,01,ket noi,3,Chủ nhật,21:00,Bảng Vinh Danh Gia Đình,G2-W03-CN-VINHDANH,Tuần thứ ba — ba gia đình khiến cả nhóm im lặng,Thi đua & vinh danh,Cộng đồng,CARE-3,Có,Không,G2-thang-01-ket-noi.md
G2,01,ket noi,4,Thứ Hai,11:45,Bài nhẹ,G2-W04-T2-N,Nhà mình khen con bằng câu gì?,Kỹ năng cha mẹ – vợ chồng,Kết nối & nghi thức,CARE-1,Không,Không,G2-thang-01-ket-noi.md
G2,01,ket noi,4,Thứ Hai,19:45,Nhiệm Vụ Gia Đình Tuần,G2-W04-T2-NHIEMVU,Làm sao để vợ chồng thống nhất cách dạy con?,Hoạt động gia đình,Kỹ năng & hoạt động,CARE-3,Có,Không,G2-thang-01-ket-noi.md
G2,01,ket noi,4,Thứ Ba,11:45,Bài nhẹ,G2-W04-T3-N,Sắp khép tháng đầu tiên — nhà mình đã làm được mấy nhiệm vụ?,Thi đua & vinh danh,Kết nối & nghi thức,CARE-1,Không,Không,G2-thang-01-ket-noi.md
G2,01,ket noi,4,Thứ Ba,17:30,Bàn Ăn Yêu Thương,G2-W04-T3-BANAN,Hỏi thế nào để con nói về ước mơ mà không thấy ngại?,Hoạt động gia đình,Kỹ năng & hoạt động,CARE-2,Có,Không,G2-thang-01-ket-noi.md
G2,01,ket noi,4,Thứ Tư,11:45,Bài nhẹ · mời nhận công cụ,G2-W04-T4-N,Bộ công cụ gia đình — cả ba bộ đã có đủ,Mời nhận công cụ tầng 1,Cửa tầng 1 (công cụ miễn phí),CARE-1,Có,Không,G2-thang-01-ket-noi.md
G2,01,ket noi,4,Thứ Tư,19:45,Việc Tử Tế Của Gia Đình,G2-W04-T4-TUTE,Gia đình giúp gia đình — nhà mình giúp được ai trong nhóm này?,Câu chuyện gia đình,Giải mã & cơ chế,CARE-2,Không,Không,G2-thang-01-ket-noi.md
G2,01,ket noi,4,Thứ Năm,20:00,Cha Mẹ Tỉnh Thức,G2-W04-T5-CHAME,Khen con thế nào để con không sợ thất bại?,Kỹ năng cha mẹ – vợ chồng,Giải mã & cơ chế,CARE-3,Có,Không,G2-thang-01-ket-noi.md
G2,01,ket noi,4,Thứ Sáu,19:45,Khoe Nhà Mình,G2-W04-T6-KHOENHA,Một buổi tối rất bình thường của nhà mình,Câu chuyện gia đình,Câu chuyện thật,CARE-3,Không,Không,G2-thang-01-ket-noi.md
G2,01,ket noi,4,Thứ Bảy,08:00,Gia Đình Chơi Cùng Nhau,G2-W04-T7-CHOI,Săn tìm kho báu trong chính nhà mình — chơi thế nào?,Hoạt động gia đình,Kỹ năng & hoạt động,CARE-2,Có,Không,G2-thang-01-ket-noi.md
G2,01,ket noi,4,Chủ nhật,21:00,Bảng Vinh Danh · Khép Tháng,G2-W04-CN-TONGKET,Khép tháng đầu tiên — cộng đồng mình đã đi được tới đâu,Thi đua & vinh danh,Cộng đồng,CARE-3,Có,Có,G2-thang-01-ket-noi.md
G2,02,nuoi day,5,Thứ Hai,11:45,Bài nhẹ,G2-W05-T2-N,Buổi sáng nhà mình mất bao lâu để ra khỏi cửa?,Kỹ năng cha mẹ – vợ chồng,Kết nối & nghi thức,CARE-1,Không,Không,G2-thang-02-nuoi-day.md
G2,02,nuoi day,5,Thứ Hai,19:45,Nhiệm Vụ Gia Đình Tuần,G2-W05-T2-NHIEMVU,Làm sao để buổi sáng nhà mình bớt hỗn loạn?,Hoạt động gia đình,Kỹ năng & hoạt động,CARE-3,Có,Không,G2-thang-02-nuoi-day.md
G2,02,nuoi day,5,Thứ Ba,11:45,Bài nhẹ,G2-W05-T3-N,Con nhà mình tự làm được việc gì mà bố mẹ không ngờ?,Câu chuyện gia đình,Kết nối & nghi thức,CARE-1,Không,Không,G2-thang-02-nuoi-day.md
G2,02,nuoi day,5,Thứ Ba,17:30,Bàn Ăn Yêu Thương,G2-W05-T3-BANAN,Làm sao để con kể về bạn bè ở lớp?,Hoạt động gia đình,Kỹ năng & hoạt động,CARE-2,Có,Không,G2-thang-02-nuoi-day.md
G2,02,nuoi day,5,Thứ Tư,11:45,Bài nhẹ · mời nhận công cụ,G2-W05-T4-N,Thư viện gia đình — bốn bộ công cụ ở một chỗ,Mời nhận công cụ tầng 1,Cửa tầng 1 (công cụ miễn phí),CARE-1,Có,Không,G2-thang-02-nuoi-day.md
G2,02,nuoi day,5,Thứ Tư,19:45,Việc Tử Tế Của Gia Đình,G2-W05-T4-TUTE,Dạy con xin lỗi thật lòng — không phải xin lỗi cho xong,Câu chuyện gia đình,Giải mã & cơ chế,CARE-2,Không,Không,G2-thang-02-nuoi-day.md
G2,02,nuoi day,5,Thứ Năm,20:00,Cha Mẹ Tỉnh Thức,G2-W05-T5-CHAME,Con ăn vạ giữa nơi đông người — làm gì trong 60 giây đầu?,Kỹ năng cha mẹ – vợ chồng,Giải mã & cơ chế,CARE-3,Có,Không,G2-thang-02-nuoi-day.md
G2,02,nuoi day,5,Thứ Sáu,19:45,Khoe Nhà Mình,G2-W05-T6-KHOENHA,Một việc con tự làm được trong tuần này,Câu chuyện gia đình,Câu chuyện thật,CARE-3,Không,Không,G2-thang-02-nuoi-day.md
G2,02,nuoi day,5,Thứ Bảy,08:00,Gia Đình Chơi Cùng Nhau,G2-W05-T7-CHOI,Trò chơi nào giúp con bớt sợ thua?,Hoạt động gia đình,Kỹ năng & hoạt động,CARE-2,Có,Không,G2-thang-02-nuoi-day.md
G2,02,nuoi day,5,Chủ nhật,21:00,Bảng Vinh Danh Gia Đình,G2-W05-CN-VINHDANH,Tuần đầu của tháng Nuôi Dạy,Thi đua & vinh danh,Cộng đồng,CARE-3,Có,Không,G2-thang-02-nuoi-day.md
G2,02,nuoi day,6,Thứ Hai,11:45,Bài nhẹ,G2-W06-T2-N,Tối nào nhà mình cũng phải ngồi kèm con học bài không?,Kỹ năng cha mẹ – vợ chồng,Kết nối & nghi thức,CARE-1,Không,Không,G2-thang-02-nuoi-day.md
G2,02,nuoi day,6,Thứ Hai,19:45,Nhiệm Vụ Gia Đình Tuần,G2-W06-T2-NHIEMVU,Làm sao để con tự làm bài tập mà không phải ngồi kèm?,Hoạt động gia đình,Kỹ năng & hoạt động,CARE-3,Có,Không,G2-thang-02-nuoi-day.md
G2,02,nuoi day,6,Thứ Ba,11:45,Bài nhẹ,G2-W06-T3-N,Bữa tối nhà mình ai là người nói nhiều nhất?,Hoạt động gia đình,Kết nối & nghi thức,CARE-1,Không,Không,G2-thang-02-nuoi-day.md
G2,02,nuoi day,6,Thứ Ba,17:30,Bàn Ăn Yêu Thương,G2-W06-T3-BANAN,Làm sao để người ít nói nhất nhà cũng được lên tiếng?,Hoạt động gia đình,Kỹ năng & hoạt động,CARE-2,Có,Không,G2-thang-02-nuoi-day.md
G2,02,nuoi day,6,Thứ Tư,11:45,Bài nhẹ · mời nhận công cụ,G2-W06-T4-N,Nhật ký Cho là nhận — nhà nào đang đi tới ngày thứ mấy?,Mời nhận công cụ tầng 1,Cửa tầng 1 (công cụ miễn phí),CARE-1,Có,Không,G2-thang-02-nuoi-day.md
G2,02,nuoi day,6,Thứ Tư,19:45,Việc Tử Tế Của Gia Đình,G2-W06-T4-TUTE,Cả nhà làm một việc cho người lớn tuổi ở gần nhà,Câu chuyện gia đình,Giải mã & cơ chế,CARE-2,Không,Không,G2-thang-02-nuoi-day.md
G2,02,nuoi day,6,Thứ Năm,20:00,Cha Mẹ Tỉnh Thức,G2-W06-T5-CHAME,"Con nói ""con ghét mẹ"" — phản ứng thế nào?",Kỹ năng cha mẹ – vợ chồng,Giải mã & cơ chế,CARE-3,Có,Không,G2-thang-02-nuoi-day.md
G2,02,nuoi day,6,Thứ Sáu,19:45,Khoe Nhà Mình,G2-W06-T6-KHOENHA,Góc học bài của con nhà mình,Câu chuyện gia đình,Câu chuyện thật,CARE-3,Không,Không,G2-thang-02-nuoi-day.md
G2,02,nuoi day,6,Thứ Bảy,08:00,Gia Đình Chơi Cùng Nhau,G2-W06-T7-CHOI,Cả nhà cùng sửa một món đồ hỏng — chơi thế nào?,Hoạt động gia đình,Kỹ năng & hoạt động,CARE-2,Có,Không,G2-thang-02-nuoi-day.md
G2,02,nuoi day,6,Chủ nhật,21:00,Bảng Vinh Danh Gia Đình,G2-W06-CN-VINHDANH,Tuần thứ hai của tháng Nuôi Dạy,Thi đua & vinh danh,Cộng đồng,CARE-3,Có,Không,G2-thang-02-nuoi-day.md
G2,02,nuoi day,7,Thứ Hai,11:45,Bài nhẹ,G2-W07-T2-N,Cuối tuần con nhà mình dùng điện thoại khoảng mấy tiếng?,Kỹ năng cha mẹ – vợ chồng,Kết nối & nghi thức,CARE-1,Không,Không,G2-thang-02-nuoi-day.md
G2,02,nuoi day,7,Thứ Hai,19:45,Nhiệm Vụ Gia Đình Tuần,G2-W07-T2-NHIEMVU,Làm sao để con bớt phụ thuộc điện thoại vào cuối tuần?,Hoạt động gia đình,Kỹ năng & hoạt động,CARE-3,Có,Không,G2-thang-02-nuoi-day.md
G2,02,nuoi day,7,Thứ Ba,11:45,Bài nhẹ,G2-W07-T3-N,"Hồi bằng tuổi con bây giờ, cuối tuần nhà mình làm gì?",Câu chuyện gia đình,Kết nối & nghi thức,CARE-1,Không,Không,G2-thang-02-nuoi-day.md
G2,02,nuoi day,7,Thứ Ba,17:30,Bàn Ăn Yêu Thương,G2-W07-T3-BANAN,Hỏi thế nào để con dám nói ra điều con sợ?,Hoạt động gia đình,Kỹ năng & hoạt động,CARE-2,Có,Không,G2-thang-02-nuoi-day.md
G2,02,nuoi day,7,Thứ Tư,11:45,Bài nhẹ · mời nhận công cụ,G2-W07-T4-N,Nhà nào chưa có Mã gia đình?,Mời nhận công cụ tầng 1,Cửa tầng 1 (công cụ miễn phí),CARE-1,Có,Không,G2-thang-02-nuoi-day.md
G2,02,nuoi day,7,Thứ Tư,19:45,Việc Tử Tế Của Gia Đình,G2-W07-T4-TUTE,Con giúp một bạn ở lớp — khuyến khích thế nào mà không thành áp lực?,Câu chuyện gia đình,Giải mã & cơ chế,CARE-2,Không,Không,G2-thang-02-nuoi-day.md
G2,02,nuoi day,7,Thứ Năm,20:00,Cha Mẹ Tỉnh Thức,G2-W07-T5-CHAME,Con tuổi dậy thì không chịu nói chuyện — mở lời thế nào?,Kỹ năng cha mẹ – vợ chồng,Giải mã & cơ chế,CARE-3,Có,Không,G2-thang-02-nuoi-day.md
G2,02,nuoi day,7,Thứ Sáu,19:45,Khoe Nhà Mình,G2-W07-T6-KHOENHA,Khoảnh khắc anh chị chợt nhận ra con đã lớn,Câu chuyện gia đình,Câu chuyện thật,CARE-3,Không,Không,G2-thang-02-nuoi-day.md
G2,02,nuoi day,7,Thứ Bảy,08:00,Gia Đình Chơi Cùng Nhau,G2-W07-T7-CHOI,Cả nhà đi bộ 30 phút — biến thành trò chơi thế nào?,Hoạt động gia đình,Kỹ năng & hoạt động,CARE-2,Có,Không,G2-thang-02-nuoi-day.md
G2,02,nuoi day,7,Chủ nhật,21:00,Bảng Vinh Danh Gia Đình,G2-W07-CN-VINHDANH,Tuần thứ ba của tháng Nuôi Dạy,Thi đua & vinh danh,Cộng đồng,CARE-3,Có,Không,G2-thang-02-nuoi-day.md
G2,02,nuoi day,8,Thứ Hai,11:45,Bài nhẹ,G2-W08-T2-N,Nhà mình có ai hay hứa rồi quên không?,Kỹ năng cha mẹ – vợ chồng,Kết nối & nghi thức,CARE-1,Không,Không,G2-thang-02-nuoi-day.md
G2,02,nuoi day,8,Thứ Hai,19:45,Nhiệm Vụ Gia Đình Tuần,G2-W08-T2-NHIEMVU,Làm sao để cả nhà giữ lời hứa với nhau?,Hoạt động gia đình,Kỹ năng & hoạt động,CARE-3,Có,Không,G2-thang-02-nuoi-day.md
G2,02,nuoi day,8,Thứ Ba,11:45,Bài nhẹ,G2-W08-T3-N,Nhà mình có câu nói cửa miệng nào không?,Câu chuyện gia đình,Kết nối & nghi thức,CARE-1,Không,Không,G2-thang-02-nuoi-day.md
G2,02,nuoi day,8,Thứ Ba,17:30,Bàn Ăn Yêu Thương,G2-W08-T3-BANAN,Làm sao để con nói ra điều con biết ơn mà không thấy sáo?,Hoạt động gia đình,Kỹ năng & hoạt động,CARE-2,Có,Không,G2-thang-02-nuoi-day.md
G2,02,nuoi day,8,Thứ Tư,11:45,Bài nhẹ · mời nhận công cụ,G2-W08-T4-N,Khép tháng — bốn bộ công cụ để mang sang tháng sau,Mời nhận công cụ tầng 1,Cửa tầng 1 (công cụ miễn phí),CARE-1,Có,Không,G2-thang-02-nuoi-day.md
G2,02,nuoi day,8,Thứ Tư,19:45,Việc Tử Tế Của Gia Đình,G2-W08-T4-TUTE,Nhà mình giúp được nhà nào trong nhóm này?,Câu chuyện gia đình,Giải mã & cơ chế,CARE-2,Không,Không,G2-thang-02-nuoi-day.md
G2,02,nuoi day,8,Thứ Năm,20:00,Cha Mẹ Tỉnh Thức,G2-W08-T5-CHAME,Anh chị em đánh nhau — xử lý thế nào cho công bằng?,Kỹ năng cha mẹ – vợ chồng,Giải mã & cơ chế,CARE-3,Có,Không,G2-thang-02-nuoi-day.md
G2,02,nuoi day,8,Thứ Sáu,19:45,Khoe Nhà Mình,G2-W08-T6-KHOENHA,Bức ảnh của tháng Nuôi Dạy,Câu chuyện gia đình,Câu chuyện thật,CARE-3,Không,Không,G2-thang-02-nuoi-day.md
G2,02,nuoi day,8,Thứ Bảy,08:00,Gia Đình Chơi Cùng Nhau,G2-W08-T7-CHOI,Ngày hội nhỏ tại nhà — tổ chức thế nào trong một buổi sáng?,Hoạt động gia đình,Kỹ năng & hoạt động,CARE-2,Có,Không,G2-thang-02-nuoi-day.md
G2,02,nuoi day,8,Chủ nhật,21:00,Bảng Vinh Danh · Khép Tháng,G2-W08-CN-TONGKET,Khép tháng Nuôi Dạy — nhà mình đã đi được tới đâu,Thi đua & vinh danh,Cộng đồng,CARE-3,Có,Có,G2-thang-02-nuoi-day.md
G2,03,thinh vuong,9,Thứ Hai,11:45,Bài nhẹ,G2-W09-T2-N,Con nhà mình có biết bố mẹ kiếm tiền bằng cách nào không?,Kỹ năng cha mẹ – vợ chồng,Kết nối & nghi thức,CARE-1,Không,Không,G2-thang-03-thinh-vuong.md
G2,03,thinh vuong,9,Thứ Hai,19:45,Nhiệm Vụ Gia Đình Tuần,G2-W09-T2-NHIEMVU,Làm sao để nói chuyện tiền bạc với con mà không làm con lo?,Hoạt động gia đình,Kỹ năng & hoạt động,CARE-3,Có,Không,G2-thang-03-thinh-vuong.md
G2,03,thinh vuong,9,Thứ Ba,11:45,Bài nhẹ,G2-W09-T3-N,Nhà mình có cho con tiền tiêu vặt không?,Kỹ năng cha mẹ – vợ chồng,Kết nối & nghi thức,CARE-1,Không,Không,G2-thang-03-thinh-vuong.md
G2,03,thinh vuong,9,Thứ Ba,17:30,Bàn Ăn Yêu Thương,G2-W09-T3-BANAN,Hỏi thế nào để con hiểu một món đồ đáng bao nhiêu công?,Hoạt động gia đình,Kỹ năng & hoạt động,CARE-2,Có,Không,G2-thang-03-thinh-vuong.md
G2,03,thinh vuong,9,Thứ Tư,11:45,Bài nhẹ · mời nhận công cụ,G2-W09-T4-N,Tháng mới — nhà nào chưa có Mã gia đình?,Mời nhận công cụ tầng 1,Cửa tầng 1 (công cụ miễn phí),CARE-1,Có,Không,G2-thang-03-thinh-vuong.md
G2,03,thinh vuong,9,Thứ Tư,19:45,Việc Tử Tế Của Gia Đình,G2-W09-T4-TUTE,Cả nhà cùng cho đi một khoản nhỏ — làm thế nào cho con hiểu?,Câu chuyện gia đình,Giải mã & cơ chế,CARE-2,Không,Không,G2-thang-03-thinh-vuong.md
G2,03,thinh vuong,9,Thứ Năm,20:00,Cha Mẹ Tỉnh Thức,G2-W09-T5-CHAME,"Dạy con tiêu tiền từ mấy tuổi, và bắt đầu thế nào?",Kỹ năng cha mẹ – vợ chồng,Giải mã & cơ chế,CARE-3,Có,Không,G2-thang-03-thinh-vuong.md
G2,03,thinh vuong,9,Thứ Sáu,19:45,Khoe Nhà Mình,G2-W09-T6-KHOENHA,Món đồ nhà mình dùng lâu nhất,Câu chuyện gia đình,Câu chuyện thật,CARE-3,Không,Không,G2-thang-03-thinh-vuong.md
G2,03,thinh vuong,9,Thứ Bảy,08:00,Gia Đình Chơi Cùng Nhau,G2-W09-T7-CHOI,Trò chơi nào dạy con quản lý tiền trong 30 phút?,Hoạt động gia đình,Kỹ năng & hoạt động,CARE-2,Có,Không,G2-thang-03-thinh-vuong.md
G2,03,thinh vuong,9,Chủ nhật,21:00,Bảng Vinh Danh Gia Đình,G2-W09-CN-VINHDANH,Tuần đầu của tháng Thịnh vượng,Thi đua & vinh danh,Cộng đồng,CARE-3,Có,Không,G2-thang-03-thinh-vuong.md
G2,03,thinh vuong,10,Thứ Hai,11:45,Bài nhẹ,G2-W10-T2-N,Nhà mình có việc gì tuần nào cũng làm không?,Câu chuyện gia đình,Kết nối & nghi thức,CARE-1,Không,Không,G2-thang-03-thinh-vuong.md
G2,03,thinh vuong,10,Thứ Hai,19:45,Nhiệm Vụ Gia Đình Tuần,G2-W10-T2-NHIEMVU,Làm sao để nhà mình có một nếp riêng?,Hoạt động gia đình,Kỹ năng & hoạt động,CARE-3,Có,Không,G2-thang-03-thinh-vuong.md
G2,03,thinh vuong,10,Thứ Ba,11:45,Bài nhẹ,G2-W10-T3-N,Con nhà mình gọi ông bà là gì?,Câu chuyện gia đình,Kết nối & nghi thức,CARE-1,Không,Không,G2-thang-03-thinh-vuong.md
G2,03,thinh vuong,10,Thứ Ba,17:30,Bàn Ăn Yêu Thương,G2-W10-T3-BANAN,Hỏi gì để con muốn biết về ông bà?,Hoạt động gia đình,Kỹ năng & hoạt động,CARE-2,Có,Không,G2-thang-03-thinh-vuong.md
G2,03,thinh vuong,10,Thứ Tư,11:45,Bài nhẹ · mời nhận công cụ,G2-W10-T4-N,Nhật ký Cho là nhận — chặng mới cho tháng Thịnh vượng,Mời nhận công cụ tầng 1,Cửa tầng 1 (công cụ miễn phí),CARE-1,Có,Không,G2-thang-03-thinh-vuong.md
G2,03,thinh vuong,10,Thứ Tư,19:45,Việc Tử Tế Của Gia Đình,G2-W10-T4-TUTE,Gia đình mình giúp một gia đình đang khó — làm sao cho tử tế?,Câu chuyện gia đình,Giải mã & cơ chế,CARE-2,Không,Không,G2-thang-03-thinh-vuong.md
G2,03,thinh vuong,10,Thứ Năm,20:00,Cha Mẹ Tỉnh Thức,G2-W10-T5-CHAME,Giao việc nhà cho con theo tuổi nào là hợp lý?,Kỹ năng cha mẹ – vợ chồng,Giải mã & cơ chế,CARE-3,Có,Không,G2-thang-03-thinh-vuong.md
G2,03,thinh vuong,10,Thứ Sáu,19:45,Khoe Nhà Mình,G2-W10-T6-KHOENHA,Nếp riêng của nhà mình,Câu chuyện gia đình,Câu chuyện thật,CARE-3,Không,Không,G2-thang-03-thinh-vuong.md
G2,03,thinh vuong,10,Thứ Bảy,08:00,Gia Đình Chơi Cùng Nhau,G2-W10-T7-CHOI,Lập cây gia phả cùng con — bắt đầu từ đâu?,Hoạt động gia đình,Kỹ năng & hoạt động,CARE-2,Có,Không,G2-thang-03-thinh-vuong.md
G2,03,thinh vuong,10,Chủ nhật,21:00,Bảng Vinh Danh Gia Đình,G2-W10-CN-VINHDANH,Tuần thứ hai — những nếp nhà vừa được gọi tên,Thi đua & vinh danh,Cộng đồng,CARE-3,Có,Không,G2-thang-03-thinh-vuong.md
G2,03,thinh vuong,11,Thứ Hai,11:45,Bài nhẹ,G2-W11-T2-N,Nhà mình có truyền thống nào đã đứt không?,Câu chuyện gia đình,Kết nối & nghi thức,CARE-1,Không,Không,G2-thang-03-thinh-vuong.md
G2,03,thinh vuong,11,Thứ Hai,19:45,Nhiệm Vụ Gia Đình Tuần,G2-W11-T2-NHIEMVU,Làm sao giữ một truyền thống gia đình khi ai cũng bận?,Hoạt động gia đình,Kỹ năng & hoạt động,CARE-3,Có,Không,G2-thang-03-thinh-vuong.md
G2,03,thinh vuong,11,Thứ Ba,11:45,Bài nhẹ,G2-W11-T3-N,Mười năm nữa nhà mình muốn vẫn còn giữ điều gì?,Hoạt động gia đình,Kết nối & nghi thức,CARE-1,Không,Không,G2-thang-03-thinh-vuong.md
G2,03,thinh vuong,11,Thứ Ba,17:30,Bàn Ăn Yêu Thương,G2-W11-T3-BANAN,Hỏi gì để con nói về tương lai của nhà mình?,Hoạt động gia đình,Kỹ năng & hoạt động,CARE-2,Có,Không,G2-thang-03-thinh-vuong.md
G2,03,thinh vuong,11,Thứ Tư,11:45,Bài nhẹ · mời nhận công cụ,G2-W11-T4-N,Chỉ còn hai tuần nữa là khép mùa đầu tiên,Mời nhận công cụ tầng 1,Cửa tầng 1 (công cụ miễn phí),CARE-1,Có,Không,G2-thang-03-thinh-vuong.md
G2,03,thinh vuong,11,Thứ Tư,19:45,Việc Tử Tế Của Gia Đình,G2-W11-T4-TUTE,Dạy con giữ lời với người ngoài — bắt đầu từ đâu?,Câu chuyện gia đình,Giải mã & cơ chế,CARE-2,Không,Không,G2-thang-03-thinh-vuong.md
G2,03,thinh vuong,11,Thứ Năm,20:00,Cha Mẹ Tỉnh Thức,G2-W11-T5-CHAME,Dạy con biết đủ trong thời đại cái gì cũng có quảng cáo,Kỹ năng cha mẹ – vợ chồng,Giải mã & cơ chế,CARE-3,Có,Không,G2-thang-03-thinh-vuong.md
G2,03,thinh vuong,11,Thứ Sáu,19:45,Khoe Nhà Mình,G2-W11-T6-KHOENHA,Truyền thống của nhà mình,Câu chuyện gia đình,Câu chuyện thật,CARE-3,Không,Không,G2-thang-03-thinh-vuong.md
G2,03,thinh vuong,11,Thứ Bảy,08:00,Gia Đình Chơi Cùng Nhau,G2-W11-T7-CHOI,Cả nhà cùng làm một dự án nhỏ — chọn gì và chia việc thế nào?,Hoạt động gia đình,Kỹ năng & hoạt động,CARE-2,Có,Không,G2-thang-03-thinh-vuong.md
G2,03,thinh vuong,11,Chủ nhật,21:00,Bảng Vinh Danh Gia Đình,G2-W11-CN-VINHDANH,Tuần thứ ba — những truyền thống vừa được nối lại,Thi đua & vinh danh,Cộng đồng,CARE-3,Có,Không,G2-thang-03-thinh-vuong.md
G2,03,thinh vuong,12,Thứ Hai,11:45,Bài nhẹ,G2-W12-T2-N,"Nếu chỉ được để lại cho con một điều, anh chị để lại gì?",Câu chuyện gia đình,Kết nối & nghi thức,CARE-1,Không,Không,G2-thang-03-thinh-vuong.md
G2,03,thinh vuong,12,Thứ Hai,19:45,Nhiệm Vụ Gia Đình Tuần,G2-W12-T2-NHIEMVU,Mình muốn để lại gì cho con?,Hoạt động gia đình,Kỹ năng & hoạt động,CARE-3,Có,Không,G2-thang-03-thinh-vuong.md
G2,03,thinh vuong,12,Thứ Ba,11:45,Bài nhẹ,G2-W12-T3-N,Ba tháng qua nhà mình giữ được nhiệm vụ nào lâu nhất?,Hoạt động gia đình,Kết nối & nghi thức,CARE-1,Không,Không,G2-thang-03-thinh-vuong.md
G2,03,thinh vuong,12,Thứ Ba,17:30,Bàn Ăn Yêu Thương,G2-W12-T3-BANAN,Hỏi gì để con nói ra điều làm con thấy nhà mình là nhà?,Hoạt động gia đình,Kỹ năng & hoạt động,CARE-2,Có,Không,G2-thang-03-thinh-vuong.md
G2,03,thinh vuong,12,Thứ Tư,11:45,Bài nhẹ · mời nhận công cụ,G2-W12-T4-N,Bốn bộ công cụ mang sang mùa hai,Mời nhận công cụ tầng 1,Cửa tầng 1 (công cụ miễn phí),CARE-1,Có,Không,G2-thang-03-thinh-vuong.md
G2,03,thinh vuong,12,Thứ Tư,19:45,Việc Tử Tế Của Gia Đình,G2-W12-T4-TUTE,Viết một lá thư cho con đọc mười năm sau,Câu chuyện gia đình,Giải mã & cơ chế,CARE-2,Không,Không,G2-thang-03-thinh-vuong.md
G2,03,thinh vuong,12,Thứ Năm,20:00,Cha Mẹ Tỉnh Thức,G2-W12-T5-CHAME,Dạy con đối diện với thất bại — nói gì trong lúc con vừa thua?,Kỹ năng cha mẹ – vợ chồng,Giải mã & cơ chế,CARE-3,Có,Không,G2-thang-03-thinh-vuong.md
G2,03,thinh vuong,12,Thứ Sáu,19:45,Khoe Nhà Mình,G2-W12-T6-KHOENHA,Bức ảnh của cả mùa,Câu chuyện gia đình,Câu chuyện thật,CARE-3,Không,Không,G2-thang-03-thinh-vuong.md
G2,03,thinh vuong,12,Thứ Bảy,08:00,Gia Đình Chơi Cùng Nhau,G2-W12-T7-CHOI,Làm một trang kỷ yếu của nhà mình,Hoạt động gia đình,Kỹ năng & hoạt động,CARE-2,Có,Không,G2-thang-03-thinh-vuong.md
G2,03,thinh vuong,12,Chủ nhật,21:00,Tổng Kết Mùa · Kỷ Yếu,G2-W12-CN-TONGKET,Khép mùa đầu tiên — ba tháng của cộng đồng mình,Thi đua & vinh danh,Cộng đồng,CARE-3,Có,Có,G2-thang-03-thinh-vuong.md
G2,04,lan toa,13,Thứ Hai,11:45,Bài nhẹ,G2-W13-T2-N,Con nhà mình đã bao giờ cho ai cái gì chưa?,Kết nối & nghi thức,Kết nối & nghi thức,CARE-1,Không,Không,G2-thang-04-lan-toa.md
G2,04,lan toa,13,Thứ Hai,19:45,Nhiệm Vụ Gia Đình Tuần,G2-W13-T2-NHIEMVU,Nhiệm vụ tuần 13: cả nhà cho đi một thứ mình còn dùng được,Hoạt động gia đình,Kỹ năng & hoạt động,CARE-3,Có,Không,G2-thang-04-lan-toa.md
G2,04,lan toa,13,Thứ Ba,11:45,Bài nhẹ,G2-W13-T3-N,Ai trong nhà mình khó cho đi nhất?,Kết nối & nghi thức,Kết nối & nghi thức,CARE-1,Không,Không,G2-thang-04-lan-toa.md
G2,04,lan toa,13,Thứ Ba,17:30,Bàn Ăn Yêu Thương,G2-W13-T3-BANAN,Câu hỏi bàn ăn: ai đã cho con một thứ mà con nhớ mãi?,Hoạt động gia đình,Kỹ năng & hoạt động,CARE-2,Có,Không,G2-thang-04-lan-toa.md
G2,04,lan toa,13,Thứ Tư,11:45,Bài nhẹ · mời nhận công cụ,G2-W13-T4-N,Nhà mình có hộp cho đi chưa?,Kết nối & nghi thức,Cửa tầng 1 (công cụ miễn phí),CARE-2,Có,Không,G2-thang-04-lan-toa.md
G2,04,lan toa,13,Thứ Tư,19:45,Việc Tử Tế Của Gia Đình,G2-W13-T4-TUTE,Dạy con cho đi ở từng độ tuổi — không giống nhau,Hoạt động gia đình,Giải mã & cơ chế,CARE-3,Có,Không,G2-thang-04-lan-toa.md
G2,04,lan toa,13,Thứ Năm,20:00,Cha Mẹ Tỉnh Thức,G2-W13-T5-CMTT,Khi con cho đi rồi tiếc — nên nói gì?,Kỹ năng cha mẹ – vợ chồng,Giải mã & cơ chế,CARE-4,Có,Không,G2-thang-04-lan-toa.md
G2,04,lan toa,13,Thứ Sáu,19:45,Khoe Nhà Mình,G2-W13-T6-KHOE,Khoe nhà mình: món đồ nhà mình đã cho đi,Câu chuyện thật,Câu chuyện thật,CARE-5,Có,Không,G2-thang-04-lan-toa.md
G2,04,lan toa,13,Thứ Bảy,08:00,Gia Đình Chơi Cùng Nhau,G2-W13-T7-CHOI,Trò chơi: Ngân hàng việc tốt,Hoạt động gia đình,Kỹ năng & hoạt động,CARE-6,Có,Không,G2-thang-04-lan-toa.md
G2,04,lan toa,13,Chủ nhật,21:00,Bảng Vinh Danh Gia Đình,G2-W13-CN-VINHDANH,Bảng vinh danh tuần 13 — những nhà đã cho đi,Cộng đồng,Cộng đồng,CARE-7,Không,Không,G2-thang-04-lan-toa.md
G2,04,lan toa,14,Thứ Hai,11:45,Bài nhẹ,G2-W14-T2-N,Tuần qua nhà mình giúp ai một việc chưa?,Kết nối & nghi thức,Kết nối & nghi thức,CARE-1,Không,Không,G2-thang-04-lan-toa.md
G2,04,lan toa,14,Thứ Hai,19:45,Nhiệm Vụ Gia Đình Tuần,G2-W14-T2-NHIEMVU,"Nhiệm vụ tuần 14: cả nhà giúp một người một việc, cùng nhau",Hoạt động gia đình,Kỹ năng & hoạt động,CARE-3,Có,Không,G2-thang-04-lan-toa.md
G2,04,lan toa,14,Thứ Ba,11:45,Bài nhẹ,G2-W14-T3-N,Có ai đang cần nhà mình mà mình chưa để ý không?,Kết nối & nghi thức,Kết nối & nghi thức,CARE-1,Không,Không,G2-thang-04-lan-toa.md
G2,04,lan toa,14,Thứ Ba,17:30,Bàn Ăn Yêu Thương,G2-W14-T3-BANAN,Câu hỏi bàn ăn: nhà mình giúp được ai?,Hoạt động gia đình,Kỹ năng & hoạt động,CARE-2,Có,Không,G2-thang-04-lan-toa.md
G2,04,lan toa,14,Thứ Tư,11:45,Bài nhẹ · mời nhận công cụ,G2-W14-T4-N,Việc tốt nhỏ nhất nhà mình làm được hôm nay,Kết nối & nghi thức,Cửa tầng 1 (công cụ miễn phí),CARE-2,Có,Không,G2-thang-04-lan-toa.md
G2,04,lan toa,14,Thứ Tư,19:45,Việc Tử Tế Của Gia Đình,G2-W14-T4-TUTE,Giúp người mà không làm họ mất mặt,Hoạt động gia đình,Giải mã & cơ chế,CARE-3,Có,Không,G2-thang-04-lan-toa.md
G2,04,lan toa,14,Thứ Năm,20:00,Cha Mẹ Tỉnh Thức,G2-W14-T5-CMTT,Con hỏi: sao mình phải giúp người ta?,Kỹ năng cha mẹ – vợ chồng,Giải mã & cơ chế,CARE-4,Có,Không,G2-thang-04-lan-toa.md
G2,04,lan toa,14,Thứ Sáu,19:45,Khoe Nhà Mình,G2-W14-T6-KHOE,Khoe nhà mình: việc cả nhà cùng làm cho một người,Câu chuyện thật,Câu chuyện thật,CARE-5,Có,Không,G2-thang-04-lan-toa.md
G2,04,lan toa,14,Thứ Bảy,08:00,Gia Đình Chơi Cùng Nhau,G2-W14-T7-CHOI,Trò chơi: Bản đồ hàng xóm,Hoạt động gia đình,Kỹ năng & hoạt động,CARE-6,Có,Không,G2-thang-04-lan-toa.md
G2,04,lan toa,14,Chủ nhật,21:00,Bảng Vinh Danh Gia Đình,G2-W14-CN-VINHDANH,Bảng vinh danh tuần 14 — nhà mình đã giúp ai,Cộng đồng,Cộng đồng,CARE-7,Không,Không,G2-thang-04-lan-toa.md
G2,04,lan toa,15,Thứ Hai,11:45,Bài nhẹ,G2-W15-T2-N,Nhà mình biết tên bao nhiêu người hàng xóm?,Kết nối & nghi thức,Kết nối & nghi thức,CARE-1,Không,Không,G2-thang-04-lan-toa.md
G2,04,lan toa,15,Thứ Hai,19:45,Nhiệm Vụ Gia Đình Tuần,G2-W15-T2-NHIEMVU,Nhiệm vụ tuần 15: làm quen một người ở gần,Hoạt động gia đình,Kỹ năng & hoạt động,CARE-3,Có,Không,G2-thang-04-lan-toa.md
G2,04,lan toa,15,Thứ Ba,11:45,Bài nhẹ,G2-W15-T3-N,Lần cuối có người hàng xóm sang nhà mình là khi nào?,Kết nối & nghi thức,Kết nối & nghi thức,CARE-1,Không,Không,G2-thang-04-lan-toa.md
G2,04,lan toa,15,Thứ Ba,17:30,Bàn Ăn Yêu Thương,G2-W15-T3-BANAN,Câu hỏi bàn ăn: hồi bé nhà mình có hàng xóm thế nào?,Hoạt động gia đình,Kỹ năng & hoạt động,CARE-2,Có,Không,G2-thang-04-lan-toa.md
G2,04,lan toa,15,Thứ Tư,11:45,Bài nhẹ · mời nhận công cụ,G2-W15-T4-N,Một câu chào có làm được gì không?,Kết nối & nghi thức,Cửa tầng 1 (công cụ miễn phí),CARE-2,Có,Không,G2-thang-04-lan-toa.md
G2,04,lan toa,15,Thứ Tư,19:45,Việc Tử Tế Của Gia Đình,G2-W15-T4-TUTE,Xây một xóm mà nhà mình muốn con lớn lên trong đó,Hoạt động gia đình,Giải mã & cơ chế,CARE-3,Có,Không,G2-thang-04-lan-toa.md
G2,04,lan toa,15,Thứ Năm,20:00,Cha Mẹ Tỉnh Thức,G2-W15-T5-CMTT,Dạy con lễ phép với người ngoài mà không ép con,Kỹ năng cha mẹ – vợ chồng,Giải mã & cơ chế,CARE-4,Có,Không,G2-thang-04-lan-toa.md
G2,04,lan toa,15,Thứ Sáu,19:45,Khoe Nhà Mình,G2-W15-T6-KHOE,Khoe nhà mình: người hàng xóm mới quen,Câu chuyện thật,Câu chuyện thật,CARE-5,Có,Không,G2-thang-04-lan-toa.md
G2,04,lan toa,15,Thứ Bảy,08:00,Gia Đình Chơi Cùng Nhau,G2-W15-T7-CHOI,Trò chơi: Đi bộ mười phút quanh nhà,Hoạt động gia đình,Kỹ năng & hoạt động,CARE-6,Có,Không,G2-thang-04-lan-toa.md
G2,04,lan toa,15,Chủ nhật,21:00,Bảng Vinh Danh Gia Đình,G2-W15-CN-VINHDANH,Bảng vinh danh tuần 15 — những cái tên mới,Cộng đồng,Cộng đồng,CARE-7,Không,Không,G2-thang-04-lan-toa.md
G2,04,lan toa,16,Thứ Hai,11:45,Bài nhẹ,G2-W16-T2-N,"Bốn tháng qua, nhà mình đổi được một việc gì?",Kết nối & nghi thức,Kết nối & nghi thức,CARE-1,Không,Không,G2-thang-04-lan-toa.md
G2,04,lan toa,16,Thứ Hai,19:45,Nhiệm Vụ Gia Đình Tuần,G2-W16-T2-NHIEMVU,Nhiệm vụ cuối mùa: một trang kỷ yếu của nhà mình,Hoạt động gia đình,Kỹ năng & hoạt động,CARE-3,Có,Không,G2-thang-04-lan-toa.md
G2,04,lan toa,16,Thứ Ba,11:45,Bài nhẹ,G2-W16-T3-N,Việc nhà mình thử mà không thành là gì?,Kết nối & nghi thức,Kết nối & nghi thức,CARE-1,Không,Không,G2-thang-04-lan-toa.md
G2,04,lan toa,16,Thứ Ba,17:30,Bàn Ăn Yêu Thương,G2-W16-T3-BANAN,Câu hỏi bàn ăn cuối mùa: bốn tháng qua con thích nhất việc gì?,Hoạt động gia đình,Kỹ năng & hoạt động,CARE-2,Có,Không,G2-thang-04-lan-toa.md
G2,04,lan toa,16,Thứ Tư,11:45,Bài nhẹ · mời nhận công cụ,G2-W16-T4-N,Bộ công cụ nhà mình mang sang mùa sau,Kết nối & nghi thức,Cửa tầng 1 (công cụ miễn phí),CARE-2,Có,Không,G2-thang-04-lan-toa.md
G2,04,lan toa,16,Thứ Tư,19:45,Việc Tử Tế Của Gia Đình,G2-W16-T4-TUTE,Bốn tháng nhà mình đã cho đi được gì,Hoạt động gia đình,Giải mã & cơ chế,CARE-3,Có,Không,G2-thang-04-lan-toa.md
G2,04,lan toa,16,Thứ Năm,20:00,Cha Mẹ Tỉnh Thức,G2-W16-T5-CMTT,Hỏi & Đáp cuối mùa: mọi câu còn lại,Kỹ năng cha mẹ – vợ chồng,Giải mã & cơ chế,CARE-4,Có,Không,G2-thang-04-lan-toa.md
G2,04,lan toa,16,Thứ Sáu,19:45,Khoe Nhà Mình,G2-W16-T6-KHOE,Khoe trang kỷ yếu của nhà mình,Câu chuyện thật,Câu chuyện thật,CARE-5,Có,Không,G2-thang-04-lan-toa.md
G2,04,lan toa,16,Thứ Bảy,08:00,Gia Đình Chơi Cùng Nhau,G2-W16-T7-CHOI,Trò chơi cuối mùa: Hộp thời gian,Hoạt động gia đình,Kỹ năng & hoạt động,CARE-6,Có,Không,G2-thang-04-lan-toa.md
G2,04,lan toa,16,Chủ nhật,21:00,Bảng Vinh Danh Gia Đình · Khép Mùa,G2-W16-CN-VINHDANH,KHÉP MÙA GIEO — bảng thi đua bốn tháng và Kỷ yếu,Cộng đồng,Cộng đồng,CARE-8,Có,Có,G2-thang-04-lan-toa.md
