tuan,ngay,thu,gio,nhom,ma_bai,nghi_thuc,tru_cot,tieu_de,dinh_dang,cta,tang_gia_tri,muc_cham_soc,chu_de_thang,nguoi_phu_trach,trang_thai
1,2026-09-07,Thu Hai,05:45,G1 - Cộng đồng GITA365,G1-W01-T2-KHOI,Khởi Nguyên,Ket noi & nghi thuc,Ba dòng mở tuần: bạn muốn xong điều gì trước Chủ nhật?,Bai check-in 3 dong,Viet 3 dong cam ket tuan,T0,CARE-2,NEN_MONG,chua phan cong,chua soan
1,2026-09-07,Thu Hai,11:45,G1 - Cộng đồng GITA365,G1-W01-N1,Bai nhe,Nhan thuc & tu duy,Một câu để mang theo hôm nay,Anh trich dan co ngu canh,Tra loi 1 dong,T0,CARE-1,NEN_MONG,chua phan cong,chua soan
1,2026-09-07,Thu Hai,11:45,G2 - Gia Đình Thịnh Vượng,G2-W01-N1,Bai nhe,Ky nang cha me - vo chong,Nhà bạn xử lý thế nào khi hai đứa tranh nhau đồ chơi?,Cau hoi 1 dong,Tra loi 1 dong,T0,CARE-1,KET_NOI,chua phan cong,chua soan
1,2026-09-07,Thu Hai,19:45,G2 - Gia Đình Thịnh Vượng,G2-W01-T2-NHIE,Nhiệm Vụ Gia Đình Tuần,Hoat dong gia dinh,Nhiệm vụ tuần: mỗi tối tắt điện thoại 30 phút,Bai nhiem vu + cach cham diem,Binh luan Ma gia dinh + cam ket,T0,CARE-3,KET_NOI,chua phan cong,chua soan
1,2026-09-08,Thu Ba,11:45,G1 - Cộng đồng GITA365,G1-W01-N2,Bai nhe,Bang chung & cau chuyen,Hậu trường: một buổi làm việc của đội GITA365,Hau truong,Tra loi 1 dong,T0,CARE-1,NEN_MONG,chua phan cong,chua soan
1,2026-09-08,Thu Ba,11:45,G2 - Gia Đình Thịnh Vượng,G2-W01-N2,Bai nhe,Thi dua & vinh danh,Bảng xếp hạng giữa tuần: nhà bạn đang ở đâu?,Nhac bang xep hang,Tra loi 1 dong,T0,CARE-1,KET_NOI,chua phan cong,chua soan
1,2026-09-08,Thu Ba,17:30,G2 - Gia Đình Thịnh Vượng,G2-W01-T3-BAN_,Bàn Ăn Yêu Thương,Hoat dong gia dinh,Câu hỏi bàn ăn: hôm nay điều gì làm con cười?,Cau hoi ban an + anh mam com,Chup anh mam com va ke lai,T0,CARE-2,KET_NOI,chua phan cong,chua soan
1,2026-09-08,Thu Ba,19:45,G1 - Cộng đồng GITA365,G1-W01-T3-GIAI,Giải Mã,Nhan thuc & tu duy,Vì sao càng cố gắng bạn càng thấy mệt?,Bai dai + so do,Tai cong cu tren web app,T1,CARE-3,NEN_MONG,chua phan cong,chua soan
1,2026-09-09,Thu Tu,05:45,G1 - Cộng đồng GITA365,G1-W01-T4-CHO_,Cho Là Nhận,Thuc hanh co huong dan,Hôm nay giúp một người trong nhóm này,Thu thach trong ngay,"Bao lai da giup ai, viec gi",T0,CARE-2,NEN_MONG,chua phan cong,chua soan
1,2026-09-09,Thu Tu,11:45,G1 - Cộng đồng GITA365,G1-W01-N3,Bai nhe,Nhan thuc & tu duy,Trả lời một câu hỏi thật của thành viên,Tra loi cau hoi that,Tra loi 1 dong,T0,CARE-1,NEN_MONG,chua phan cong,chua soan
1,2026-09-09,Thu Tu,11:45,G2 - Gia Đình Thịnh Vượng,G2-W01-N3,Bai nhe,Moi nhan cong cu tang 1,Tặng cả nhà bộ 30 câu hỏi bàn ăn,Moi nhan bo cong cu tang 1,Tra loi 1 dong,T0,CARE-1,KET_NOI,chua phan cong,chua soan
1,2026-09-09,Thu Tu,19:45,G2 - Gia Đình Thịnh Vượng,G2-W01-T4-VIEC,Việc Tử Tế Của Gia Đình,Cau chuyen gia dinh,Việc tử tế nhỏ nhất nhà mình làm tuần này,Ke lai 3 dong,Ke viec tu te va gan the mot gia dinh khac,T0,CARE-2,KET_NOI,chua phan cong,chua soan
1,2026-09-10,Thu Nam,11:45,G1 - Cộng đồng GITA365,G1-W01-N4,Bai nhe,Thuc hanh co huong dan,Thử ngay 5 phút: viết ra ba điều đang chiếm đầu bạn,Thu ngay 5 phut,Tra loi 1 dong,T0,CARE-1,NEN_MONG,chua phan cong,chua soan
1,2026-09-10,Thu Nam,20:00,G1 - Cộng đồng GITA365,G1-W01-T5-HOI_,Hỏi & Đáp Cùng Cố Vấn,Ket noi & nghi thuc,Hỏi gì cũng được: chuyện bạn chưa dám nói ra,Livestream 30-45 phut,Dat cau hoi truoc gio live,T2,CARE-3,NEN_MONG,chua phan cong,chua soan
1,2026-09-10,Thu Nam,20:00,G2 - Gia Đình Thịnh Vượng,G2-W01-T5-CHA_,Cha Mẹ Tỉnh Thức,Ky nang cha me - vo chong,Ba câu nói thay cho một tiếng quát,Bai ky nang + kich ban noi,Thu toi nay va ke lai,T1,CARE-3,KET_NOI,chua phan cong,chua soan
1,2026-09-11,Thu Sau,11:45,G1 - Cộng đồng GITA365,G1-W01-N5,Bai nhe,Bang chung & cau chuyen,Sai lầm tôi từng trả giá đắt,Sai lam cua toi,Tra loi 1 dong,T0,CARE-1,NEN_MONG,chua phan cong,chua soan
1,2026-09-11,Thu Sau,19:45,G1 - Cộng đồng GITA365,G1-W01-T6-BANG,Bằng Chứng,Bang chung & cau chuyen,Từ chỗ không dám nhìn vào sổ chi tiêu,Cau chuyen chuyen hoa (UGC),Ke cau chuyen cua ban,T1,CARE-3,NEN_MONG,chua phan cong,chua soan
1,2026-09-11,Thu Sau,19:45,G2 - Gia Đình Thịnh Vượng,G2-W01-T6-KHOE,Khoe Nhà Mình,Cau chuyen gia dinh,Khoảnh khắc thật của nhà bạn tuần này,Anh/video + cau chuyen,Dang anh that kem 1 cau chuyen,T0,CARE-3,KET_NOI,chua phan cong,chua soan
1,2026-09-12,Thu Bay,08:00,G1 - Cộng đồng GITA365,G1-W01-T7-THUC,Thực Chiến,Thuc hanh co huong dan,Bài tập: viết ra ba điều đang rút cạn năng lượng của bạn,Bai tap + mau dien,Nop bai tren web app truoc Chu nhat,T1,CARE-2,NEN_MONG,chua phan cong,chua soan
1,2026-09-12,Thu Bay,08:00,G2 - Gia Đình Thịnh Vượng,G2-W01-T7-CHOI,Gia Đình Chơi Cùng Nhau,Hoat dong gia dinh,Trò chơi 15 phút không cần dụng cụ,Huong dan tro choi 15 phut,Choi va dang anh/video,T1,CARE-2,KET_NOI,chua phan cong,chua soan
1,2026-09-12,Thu Bay,11:45,G1 - Cộng đồng GITA365,G1-W01-N6,Bai nhe,Nhan thuc & tu duy,Câu hỏi nhanh: khó nhất với bạn là bắt đầu hay duy trì?,Cau hoi 1 dong,Tra loi 1 dong,T0,CARE-1,NEN_MONG,chua phan cong,chua soan
1,2026-09-13,Chu Nhat,11:45,G1 - Cộng đồng GITA365,G1-W01-N7,Bai nhe,Moi goi hanh dong,Bộ công cụ tuần này đang nằm ở đâu?,Nhac tai nguyen tang 1,Tra loi 1 dong,T0,CARE-1,NEN_MONG,chua phan cong,chua soan
1,2026-09-13,Chu Nhat,21:00,G1 - Cộng đồng GITA365,G1-W01-CN-TONG,Tổng Kết & Vinh Danh,Moi goi hanh dong,Tuần này cộng đồng mình đã làm được gì,Bang vinh danh + 1 loi moi,Loi moi duy nhat trong tuan,T2,CARE-3,NEN_MONG,chua phan cong,chua soan
1,2026-09-13,Chu Nhat,21:00,G2 - Gia Đình Thịnh Vượng,G2-W01-CN-VINH,Bảng Vinh Danh Gia Đình,Thi dua & vinh danh,Bảng vinh danh tuần: những gia đình bền bỉ nhất,Bang xep hang 4 bang dau,Co vu it nhat 3 gia dinh,T0,CARE-3,KET_NOI,chua phan cong,chua soan
2,2026-09-14,Thu Hai,05:45,G1 - Cộng đồng GITA365,G1-W02-T2-KHOI,Khởi Nguyên,Ket noi & nghi thuc,Việc nhỏ nhất bạn làm được ngay sáng nay là gì?,Bai check-in 3 dong,Viet 3 dong cam ket tuan,T0,CARE-2,NEN_MONG,chua phan cong,chua soan
2,2026-09-14,Thu Hai,11:45,G1 - Cộng đồng GITA365,G1-W02-N1,Bai nhe,Nhan thuc & tu duy,Bình chọn: bạn hợp với buổi sáng hay buổi tối?,Binh chon A/B,Tra loi 1 dong,T0,CARE-1,NEN_MONG,chua phan cong,chua soan
2,2026-09-14,Thu Hai,11:45,G2 - Gia Đình Thịnh Vượng,G2-W02-N1,Bai nhe,Ky nang cha me - vo chong,Bình chọn: cuối tuần nhà bạn thích ở nhà hay đi chơi?,Binh chon A/B,Tra loi 1 dong,T0,CARE-1,KET_NOI,chua phan cong,chua soan
2,2026-09-14,Thu Hai,19:45,G2 - Gia Đình Thịnh Vượng,G2-W02-T2-NHIE,Nhiệm Vụ Gia Đình Tuần,Hoat dong gia dinh,Nhiệm vụ tuần: cả nhà ăn cơm cùng nhau 4 bữa,Bai nhiem vu + cach cham diem,Binh luan Ma gia dinh + cam ket,T0,CARE-3,KET_NOI,chua phan cong,chua soan
2,2026-09-15,Thu Ba,11:45,G1 - Cộng đồng GITA365,G1-W02-N2,Bai nhe,Bang chung & cau chuyen,Một câu của thành viên khiến cả nhóm dừng lại,Anh trich dan tu thanh vien,Tra loi 1 dong,T0,CARE-1,NEN_MONG,chua phan cong,chua soan
2,2026-09-15,Thu Ba,11:45,G2 - Gia Đình Thịnh Vượng,G2-W02-N2,Bai nhe,Thi dua & vinh danh,Chào những gia đình mới đăng ký Mã gia đình tuần này,Goi ten gia dinh moi,Tra loi 1 dong,T0,CARE-1,KET_NOI,chua phan cong,chua soan
2,2026-09-15,Thu Ba,17:30,G2 - Gia Đình Thịnh Vượng,G2-W02-T3-BAN_,Bàn Ăn Yêu Thương,Hoat dong gia dinh,Câu hỏi bàn ăn: ai đã giúp con hôm nay?,Cau hoi ban an + anh mam com,Chup anh mam com va ke lai,T0,CARE-2,KET_NOI,chua phan cong,chua soan
2,2026-09-15,Thu Ba,19:45,G1 - Cộng đồng GITA365,G1-W02-T3-GIAI,Giải Mã,Nhan thuc & tu duy,"Ba tầng của một vấn đề: hiện tượng, thói quen, niềm tin",Bai dai + so do,Tai cong cu tren web app,T1,CARE-3,NEN_MONG,chua phan cong,chua soan
2,2026-09-16,Thu Tu,05:45,G1 - Cộng đồng GITA365,G1-W02-T4-CHO_,Cho Là Nhận,Thuc hanh co huong dan,Trả lời một người đang loay hoay giống bạn năm ngoái,Thu thach trong ngay,"Bao lai da giup ai, viec gi",T0,CARE-2,NEN_MONG,chua phan cong,chua soan
2,2026-09-16,Thu Tu,11:45,G1 - Cộng đồng GITA365,G1-W02-N3,Bai nhe,Ket noi & nghi thuc,Chào mừng những người mới của tuần,Chao mung nguoi moi,Tra loi 1 dong,T0,CARE-1,NEN_MONG,chua phan cong,chua soan
2,2026-09-16,Thu Tu,11:45,G2 - Gia Đình Thịnh Vượng,G2-W02-N3,Bai nhe,Moi nhan cong cu tang 1,Bộ 12 trò chơi gắn kết cha mẹ - con cái đã có trên web app,Moi nhan bo cong cu tang 1,Tra loi 1 dong,T0,CARE-1,KET_NOI,chua phan cong,chua soan
2,2026-09-16,Thu Tu,19:45,G2 - Gia Đình Thịnh Vượng,G2-W02-T4-VIEC,Việc Tử Tế Của Gia Đình,Cau chuyen gia dinh,Cả nhà cùng giúp một người hàng xóm,Ke lai 3 dong,Ke viec tu te va gan the mot gia dinh khac,T0,CARE-2,KET_NOI,chua phan cong,chua soan
2,2026-09-17,Thu Nam,11:45,G1 - Cộng đồng GITA365,G1-W02-N4,Bai nhe,Thuc hanh co huong dan,Thử ngay 5 phút: gọi cho một người bạn đang nghĩ tới,Thu ngay 5 phut,Tra loi 1 dong,T0,CARE-1,NEN_MONG,chua phan cong,chua soan
2,2026-09-17,Thu Nam,20:00,G1 - Cộng đồng GITA365,G1-W02-T5-HOI_,Hỏi & Đáp Cùng Cố Vấn,Ket noi & nghi thuc,Gỡ rối ba tình huống khó nhất tuần này,Livestream 30-45 phut,Dat cau hoi truoc gio live,T2,CARE-3,NEN_MONG,chua phan cong,chua soan
2,2026-09-17,Thu Nam,20:00,G2 - Gia Đình Thịnh Vượng,G2-W02-T5-CHA_,Cha Mẹ Tỉnh Thức,Ky nang cha me - vo chong,Cách hỏi để con chịu kể chuyện,Bai ky nang + kich ban noi,Thu toi nay va ke lai,T1,CARE-3,KET_NOI,chua phan cong,chua soan
2,2026-09-18,Thu Sau,11:45,G1 - Cộng đồng GITA365,G1-W02-N5,Bai nhe,Bang chung & cau chuyen,Trước và sau: ba mươi ngày của một thành viên,Truoc va sau,Tra loi 1 dong,T0,CARE-1,NEN_MONG,chua phan cong,chua soan
2,2026-09-18,Thu Sau,19:45,G1 - Cộng đồng GITA365,G1-W02-T6-BANG,Bằng Chứng,Bang chung & cau chuyen,Người đàn ông ba lần bỏ cuộc và lần thứ tư,Cau chuyen chuyen hoa (UGC),Ke cau chuyen cua ban,T1,CARE-3,NEN_MONG,chua phan cong,chua soan
2,2026-09-18,Thu Sau,19:45,G2 - Gia Đình Thịnh Vượng,G2-W02-T6-KHOE,Khoe Nhà Mình,Cau chuyen gia dinh,Bức ảnh làm bạn muốn giữ mãi,Anh/video + cau chuyen,Dang anh that kem 1 cau chuyen,T0,CARE-3,KET_NOI,chua phan cong,chua soan
2,2026-09-19,Thu Bay,08:00,G1 - Cộng đồng GITA365,G1-W02-T7-THUC,Thực Chiến,Thuc hanh co huong dan,Bài tập: bản đồ một ngày của bạn,Bai tap + mau dien,Nop bai tren web app truoc Chu nhat,T1,CARE-2,NEN_MONG,chua phan cong,chua soan
2,2026-09-19,Thu Bay,08:00,G2 - Gia Đình Thịnh Vượng,G2-W02-T7-CHOI,Gia Đình Chơi Cùng Nhau,Hoat dong gia dinh,Cuộc thi kể chuyện trong nhà,Huong dan tro choi 15 phut,Choi va dang anh/video,T1,CARE-2,KET_NOI,chua phan cong,chua soan
2,2026-09-19,Thu Bay,11:45,G1 - Cộng đồng GITA365,G1-W02-N6,Bai nhe,Nhan thuc & tu duy,Điều ai cũng khuyên nhưng có thể sai với bạn,Goc nhin nguoc,Tra loi 1 dong,T0,CARE-1,NEN_MONG,chua phan cong,chua soan
2,2026-09-20,Chu Nhat,11:45,G1 - Cộng đồng GITA365,G1-W02-N7,Bai nhe,Moi goi hanh dong,Buổi định hướng nhóm nhỏ tuần này còn chỗ,Nhac buoi dinh huong,Tra loi 1 dong,T0,CARE-1,NEN_MONG,chua phan cong,chua soan
2,2026-09-20,Chu Nhat,21:00,G1 - Cộng đồng GITA365,G1-W02-CN-TONG,Tổng Kết & Vinh Danh,Moi goi hanh dong,Năm người xứng đáng được gọi tên,Bang vinh danh + 1 loi moi,Loi moi duy nhat trong tuan,T2,CARE-3,NEN_MONG,chua phan cong,chua soan
2,2026-09-20,Chu Nhat,21:00,G2 - Gia Đình Thịnh Vượng,G2-W02-CN-VINH,Bảng Vinh Danh Gia Đình,Thi dua & vinh danh,Ba gia đình khiến cả nhóm ấm lòng tuần này,Bang xep hang 4 bang dau,Co vu it nhat 3 gia dinh,T0,CARE-3,KET_NOI,chua phan cong,chua soan
3,2026-09-21,Thu Hai,05:45,G1 - Cộng đồng GITA365,G1-W03-T2-KHOI,Khởi Nguyên,Ket noi & nghi thuc,Tuần trước bạn bỏ dở điều gì — tuần này nhặt lại chứ?,Bai check-in 3 dong,Viet 3 dong cam ket tuan,T0,CARE-2,NEN_MONG,chua phan cong,chua soan
3,2026-09-21,Thu Hai,11:45,G1 - Cộng đồng GITA365,G1-W03-N1,Bai nhe,Nhan thuc & tu duy,Một câu để mang theo hôm nay,Anh trich dan co ngu canh,Tra loi 1 dong,T0,CARE-1,NEN_MONG,chua phan cong,chua soan
3,2026-09-21,Thu Hai,11:45,G2 - Gia Đình Thịnh Vượng,G2-W03-N1,Bai nhe,Ky nang cha me - vo chong,Nhà bạn xử lý thế nào khi hai đứa tranh nhau đồ chơi?,Cau hoi 1 dong,Tra loi 1 dong,T0,CARE-1,KET_NOI,chua phan cong,chua soan
3,2026-09-21,Thu Hai,19:45,G2 - Gia Đình Thịnh Vượng,G2-W03-T2-NHIE,Nhiệm Vụ Gia Đình Tuần,Hoat dong gia dinh,Nhiệm vụ tuần: mỗi người nói một lời khen cho người khác,Bai nhiem vu + cach cham diem,Binh luan Ma gia dinh + cam ket,T0,CARE-3,KET_NOI,chua phan cong,chua soan
3,2026-09-22,Thu Ba,11:45,G1 - Cộng đồng GITA365,G1-W03-N2,Bai nhe,Bang chung & cau chuyen,Hậu trường: một buổi làm việc của đội GITA365,Hau truong,Tra loi 1 dong,T0,CARE-1,NEN_MONG,chua phan cong,chua soan
3,2026-09-22,Thu Ba,11:45,G2 - Gia Đình Thịnh Vượng,G2-W03-N2,Bai nhe,Thi dua & vinh danh,Bảng xếp hạng giữa tuần: nhà bạn đang ở đâu?,Nhac bang xep hang,Tra loi 1 dong,T0,CARE-1,KET_NOI,chua phan cong,chua soan
3,2026-09-22,Thu Ba,17:30,G2 - Gia Đình Thịnh Vượng,G2-W03-T3-BAN_,Bàn Ăn Yêu Thương,Hoat dong gia dinh,Câu hỏi bàn ăn: điều gì hôm nay khó với con?,Cau hoi ban an + anh mam com,Chup anh mam com va ke lai,T0,CARE-2,KET_NOI,chua phan cong,chua soan
3,2026-09-22,Thu Ba,19:45,G1 - Cộng đồng GITA365,G1-W03-T3-GIAI,Giải Mã,Nhan thuc & tu duy,Bạn đang giải quyết vấn đề hay đang né tránh nó?,Bai dai + so do,Tai cong cu tren web app,T1,CARE-3,NEN_MONG,chua phan cong,chua soan
3,2026-09-23,Thu Tu,05:45,G1 - Cộng đồng GITA365,G1-W03-T4-CHO_,Cho Là Nhận,Thuc hanh co huong dan,Gửi một lời cảm ơn bạn nợ ai đó đã lâu,Thu thach trong ngay,"Bao lai da giup ai, viec gi",T0,CARE-2,NEN_MONG,chua phan cong,chua soan
3,2026-09-23,Thu Tu,11:45,G1 - Cộng đồng GITA365,G1-W03-N3,Bai nhe,Nhan thuc & tu duy,Trả lời một câu hỏi thật của thành viên,Tra loi cau hoi that,Tra loi 1 dong,T0,CARE-1,NEN_MONG,chua phan cong,chua soan
3,2026-09-23,Thu Tu,11:45,G2 - Gia Đình Thịnh Vượng,G2-W03-N3,Bai nhe,Moi nhan cong cu tang 1,Tặng cả nhà bộ 30 câu hỏi bàn ăn,Moi nhan bo cong cu tang 1,Tra loi 1 dong,T0,CARE-1,KET_NOI,chua phan cong,chua soan
3,2026-09-23,Thu Tu,19:45,G2 - Gia Đình Thịnh Vượng,G2-W03-T4-VIEC,Việc Tử Tế Của Gia Đình,Cau chuyen gia dinh,Một việc tử tế dành cho ông bà,Ke lai 3 dong,Ke viec tu te va gan the mot gia dinh khac,T0,CARE-2,KET_NOI,chua phan cong,chua soan
3,2026-09-24,Thu Nam,11:45,G1 - Cộng đồng GITA365,G1-W03-N4,Bai nhe,Thuc hanh co huong dan,Thử ngay 5 phút: viết ra ba điều đang chiếm đầu bạn,Thu ngay 5 phut,Tra loi 1 dong,T0,CARE-1,NEN_MONG,chua phan cong,chua soan
3,2026-09-24,Thu Nam,20:00,G1 - Cộng đồng GITA365,G1-W03-T5-HOI_,Hỏi & Đáp Cùng Cố Vấn,Ket noi & nghi thuc,Khi mục tiêu và thực tế không gặp nhau,Livestream 30-45 phut,Dat cau hoi truoc gio live,T2,CARE-3,NEN_MONG,chua phan cong,chua soan
3,2026-09-24,Thu Nam,20:00,G2 - Gia Đình Thịnh Vượng,G2-W03-T5-CHA_,Cha Mẹ Tỉnh Thức,Ky nang cha me - vo chong,Nói gì khi vợ chồng bất đồng trước mặt con,Bai ky nang + kich ban noi,Thu toi nay va ke lai,T1,CARE-3,KET_NOI,chua phan cong,chua soan
3,2026-09-25,Thu Sau,11:45,G1 - Cộng đồng GITA365,G1-W03-N5,Bai nhe,Bang chung & cau chuyen,Sai lầm tôi từng trả giá đắt,Sai lam cua toi,Tra loi 1 dong,T0,CARE-1,NEN_MONG,chua phan cong,chua soan
3,2026-09-25,Thu Sau,19:45,G1 - Cộng đồng GITA365,G1-W03-T6-BANG,Bằng Chứng,Bang chung & cau chuyen,Chị ấy bắt đầu bằng mười phút mỗi sáng,Cau chuyen chuyen hoa (UGC),Ke cau chuyen cua ban,T1,CARE-3,NEN_MONG,chua phan cong,chua soan
3,2026-09-25,Thu Sau,19:45,G2 - Gia Đình Thịnh Vượng,G2-W03-T6-KHOE,Khoe Nhà Mình,Cau chuyen gia dinh,Góc nhỏ nhất trong nhà mà cả nhà thích nhất,Anh/video + cau chuyen,Dang anh that kem 1 cau chuyen,T0,CARE-3,KET_NOI,chua phan cong,chua soan
3,2026-09-26,Thu Bay,08:00,G1 - Cộng đồng GITA365,G1-W03-T7-THUC,Thực Chiến,Thuc hanh co huong dan,Bài tập: bảy câu hỏi dọn nội tâm,Bai tap + mau dien,Nop bai tren web app truoc Chu nhat,T1,CARE-2,NEN_MONG,chua phan cong,chua soan
3,2026-09-26,Thu Bay,08:00,G2 - Gia Đình Thịnh Vượng,G2-W03-T7-CHOI,Gia Đình Chơi Cùng Nhau,Hoat dong gia dinh,Trò chơi phá băng cho cả nhà ba thế hệ,Huong dan tro choi 15 phut,Choi va dang anh/video,T1,CARE-2,KET_NOI,chua phan cong,chua soan
3,2026-09-26,Thu Bay,11:45,G1 - Cộng đồng GITA365,G1-W03-N6,Bai nhe,Nhan thuc & tu duy,Câu hỏi nhanh: khó nhất với bạn là bắt đầu hay duy trì?,Cau hoi 1 dong,Tra loi 1 dong,T0,CARE-1,NEN_MONG,chua phan cong,chua soan
3,2026-09-27,Chu Nhat,11:45,G1 - Cộng đồng GITA365,G1-W03-N7,Bai nhe,Moi goi hanh dong,Bộ công cụ tuần này đang nằm ở đâu?,Nhac tai nguyen tang 1,Tra loi 1 dong,T0,CARE-1,NEN_MONG,chua phan cong,chua soan
3,2026-09-27,Chu Nhat,21:00,G1 - Cộng đồng GITA365,G1-W03-CN-TONG,Tổng Kết & Vinh Danh,Moi goi hanh dong,Những dòng khiến cả nhóm im lặng tuần qua,Bang vinh danh + 1 loi moi,Loi moi duy nhat trong tuan,T2,CARE-3,NEN_MONG,chua phan cong,chua soan
3,2026-09-27,Chu Nhat,21:00,G2 - Gia Đình Thịnh Vượng,G2-W03-CN-VINH,Bảng Vinh Danh Gia Đình,Thi dua & vinh danh,Kết quả tuần và những cái tên đáng nhớ,Bang xep hang 4 bang dau,Co vu it nhat 3 gia dinh,T0,CARE-3,KET_NOI,chua phan cong,chua soan
4,2026-09-28,Thu Hai,05:45,G1 - Cộng đồng GITA365,G1-W04-T2-KHOI,Khởi Nguyên,Ket noi & nghi thuc,"Một mục tiêu, một người nhắc bạn",Bai check-in 3 dong,Viet 3 dong cam ket tuan,T0,CARE-2,NEN_MONG,chua phan cong,chua soan
4,2026-09-28,Thu Hai,11:45,G1 - Cộng đồng GITA365,G1-W04-N1,Bai nhe,Nhan thuc & tu duy,Bình chọn: bạn hợp với buổi sáng hay buổi tối?,Binh chon A/B,Tra loi 1 dong,T0,CARE-1,NEN_MONG,chua phan cong,chua soan
4,2026-09-28,Thu Hai,11:45,G2 - Gia Đình Thịnh Vượng,G2-W04-N1,Bai nhe,Ky nang cha me - vo chong,Bình chọn: cuối tuần nhà bạn thích ở nhà hay đi chơi?,Binh chon A/B,Tra loi 1 dong,T0,CARE-1,KET_NOI,chua phan cong,chua soan
4,2026-09-28,Thu Hai,19:45,G2 - Gia Đình Thịnh Vượng,G2-W04-T2-NHIE,Nhiệm Vụ Gia Đình Tuần,Hoat dong gia dinh,Nhiệm vụ tuần: một buổi đi bộ cùng nhau,Bai nhiem vu + cach cham diem,Binh luan Ma gia dinh + cam ket,T0,CARE-3,KET_NOI,chua phan cong,chua soan
4,2026-09-29,Thu Ba,11:45,G1 - Cộng đồng GITA365,G1-W04-N2,Bai nhe,Bang chung & cau chuyen,Một câu của thành viên khiến cả nhóm dừng lại,Anh trich dan tu thanh vien,Tra loi 1 dong,T0,CARE-1,NEN_MONG,chua phan cong,chua soan
4,2026-09-29,Thu Ba,11:45,G2 - Gia Đình Thịnh Vượng,G2-W04-N2,Bai nhe,Thi dua & vinh danh,Chào những gia đình mới đăng ký Mã gia đình tuần này,Goi ten gia dinh moi,Tra loi 1 dong,T0,CARE-1,KET_NOI,chua phan cong,chua soan
4,2026-09-29,Thu Ba,17:30,G2 - Gia Đình Thịnh Vượng,G2-W04-T3-BAN_,Bàn Ăn Yêu Thương,Hoat dong gia dinh,Câu hỏi bàn ăn: con biết ơn điều gì?,Cau hoi ban an + anh mam com,Chup anh mam com va ke lai,T0,CARE-2,KET_NOI,chua phan cong,chua soan
4,2026-09-29,Thu Ba,19:45,G1 - Cộng đồng GITA365,G1-W04-T3-GIAI,Giải Mã,Nhan thuc & tu duy,Cái giá thật của việc trì hoãn một quyết định,Bai dai + so do,Tai cong cu tren web app,T1,CARE-3,NEN_MONG,chua phan cong,chua soan
4,2026-09-30,Thu Tu,05:45,G1 - Cộng đồng GITA365,G1-W04-T4-CHO_,Cho Là Nhận,Thuc hanh co huong dan,Chia sẻ một sai lầm để người khác đỡ vấp,Thu thach trong ngay,"Bao lai da giup ai, viec gi",T0,CARE-2,NEN_MONG,chua phan cong,chua soan
4,2026-09-30,Thu Tu,11:45,G1 - Cộng đồng GITA365,G1-W04-N3,Bai nhe,Ket noi & nghi thuc,Chào mừng những người mới của tuần,Chao mung nguoi moi,Tra loi 1 dong,T0,CARE-1,NEN_MONG,chua phan cong,chua soan
4,2026-09-30,Thu Tu,11:45,G2 - Gia Đình Thịnh Vượng,G2-W04-N3,Bai nhe,Moi nhan cong cu tang 1,Bộ 12 trò chơi gắn kết cha mẹ - con cái đã có trên web app,Moi nhan bo cong cu tang 1,Tra loi 1 dong,T0,CARE-1,KET_NOI,chua phan cong,chua soan
4,2026-09-30,Thu Tu,19:45,G2 - Gia Đình Thịnh Vượng,G2-W04-T4-VIEC,Việc Tử Tế Của Gia Đình,Cau chuyen gia dinh,Dạy con cho đi lần đầu tiên,Ke lai 3 dong,Ke viec tu te va gan the mot gia dinh khac,T0,CARE-2,KET_NOI,chua phan cong,chua soan
4,2026-10-01,Thu Nam,11:45,G1 - Cộng đồng GITA365,G1-W04-N4,Bai nhe,Thuc hanh co huong dan,Thử ngay 5 phút: gọi cho một người bạn đang nghĩ tới,Thu ngay 5 phut,Tra loi 1 dong,T0,CARE-1,NEN_MONG,chua phan cong,chua soan
4,2026-10-01,Thu Nam,20:00,G1 - Cộng đồng GITA365,G1-W04-T5-HOI_,Hỏi & Đáp Cùng Cố Vấn,Ket noi & nghi thuc,Bắt đầu lại sau một lần thất bại,Livestream 30-45 phut,Dat cau hoi truoc gio live,T2,CARE-3,NEN_MONG,chua phan cong,chua soan
4,2026-10-01,Thu Nam,20:00,G2 - Gia Đình Thịnh Vượng,G2-W04-T5-CHA_,Cha Mẹ Tỉnh Thức,Ky nang cha me - vo chong,Mười phút lắng nghe đúng cách,Bai ky nang + kich ban noi,Thu toi nay va ke lai,T1,CARE-3,KET_NOI,chua phan cong,chua soan
4,2026-10-02,Thu Sau,11:45,G1 - Cộng đồng GITA365,G1-W04-N5,Bai nhe,Bang chung & cau chuyen,Trước và sau: ba mươi ngày của một thành viên,Truoc va sau,Tra loi 1 dong,T0,CARE-1,NEN_MONG,chua phan cong,chua soan
4,2026-10-02,Thu Sau,19:45,G1 - Cộng đồng GITA365,G1-W04-T6-BANG,Bằng Chứng,Bang chung & cau chuyen,Ngày tôi thôi đổ lỗi cho hoàn cảnh,Cau chuyen chuyen hoa (UGC),Ke cau chuyen cua ban,T1,CARE-3,NEN_MONG,chua phan cong,chua soan
4,2026-10-02,Thu Sau,19:45,G2 - Gia Đình Thịnh Vượng,G2-W04-T6-KHOE,Khoe Nhà Mình,Cau chuyen gia dinh,Một buổi tối bình thường của nhà mình,Anh/video + cau chuyen,Dang anh that kem 1 cau chuyen,T0,CARE-3,KET_NOI,chua phan cong,chua soan
4,2026-10-03,Thu Bay,08:00,G1 - Cộng đồng GITA365,G1-W04-T7-THUC,Thực Chiến,Thuc hanh co huong dan,Bài tập: chọn một điều để buông tuần này,Bai tap + mau dien,Nop bai tren web app truoc Chu nhat,T1,CARE-2,NEN_MONG,chua phan cong,chua soan
4,2026-10-03,Thu Bay,08:00,G2 - Gia Đình Thịnh Vượng,G2-W04-T7-CHOI,Gia Đình Chơi Cùng Nhau,Hoat dong gia dinh,Săn tìm kho báu trong chính nhà mình,Huong dan tro choi 15 phut,Choi va dang anh/video,T1,CARE-2,KET_NOI,chua phan cong,chua soan
4,2026-10-03,Thu Bay,11:45,G1 - Cộng đồng GITA365,G1-W04-N6,Bai nhe,Nhan thuc & tu duy,Điều ai cũng khuyên nhưng có thể sai với bạn,Goc nhin nguoc,Tra loi 1 dong,T0,CARE-1,NEN_MONG,chua phan cong,chua soan
4,2026-10-04,Chu Nhat,11:45,G1 - Cộng đồng GITA365,G1-W04-N7,Bai nhe,Moi goi hanh dong,Buổi định hướng nhóm nhỏ tuần này còn chỗ,Nhac buoi dinh huong,Tra loi 1 dong,T0,CARE-1,NEN_MONG,chua phan cong,chua soan
4,2026-10-04,Chu Nhat,21:00,G1 - Cộng đồng GITA365,G1-W04-CN-TONG,Tổng Kết & Vinh Danh,Moi goi hanh dong,Khép tuần: điều bạn mang sang tuần sau,Bang vinh danh + 1 loi moi,Loi moi duy nhat trong tuan,T2,CARE-3,NEN_MONG,chua phan cong,chua soan
4,2026-10-04,Chu Nhat,21:00,G2 - Gia Đình Thịnh Vượng,G2-W04-CN-VINH,Bảng Vinh Danh Gia Đình,Thi dua & vinh danh,Gia đình lan tỏa nhất tuần qua,Bang xep hang 4 bang dau,Co vu it nhat 3 gia dinh,T0,CARE-3,KET_NOI,chua phan cong,chua soan
5,2026-10-05,Thu Hai,05:45,G1 - Cộng đồng GITA365,G1-W05-T2-KHOI,Khởi Nguyên,Ket noi & nghi thuc,Tuần này bạn rèn kỷ luật ở điểm nào?,Bai check-in 3 dong,Viet 3 dong cam ket tuan,T0,CARE-2,NANG_LUC,chua phan cong,chua soan
5,2026-10-05,Thu Hai,11:45,G1 - Cộng đồng GITA365,G1-W05-N1,Bai nhe,Nhan thuc & tu duy,Một câu để mang theo hôm nay,Anh trich dan co ngu canh,Tra loi 1 dong,T0,CARE-1,NANG_LUC,chua phan cong,chua soan
5,2026-10-05,Thu Hai,11:45,G2 - Gia Đình Thịnh Vượng,G2-W05-N1,Bai nhe,Ky nang cha me - vo chong,Nhà bạn xử lý thế nào khi hai đứa tranh nhau đồ chơi?,Cau hoi 1 dong,Tra loi 1 dong,T0,CARE-1,NUOI_DAY,chua phan cong,chua soan
5,2026-10-05,Thu Hai,19:45,G2 - Gia Đình Thịnh Vượng,G2-W05-T2-NHIE,Nhiệm Vụ Gia Đình Tuần,Hoat dong gia dinh,Nhiệm vụ tuần: nghe con nói mà không ngắt lời,Bai nhiem vu + cach cham diem,Binh luan Ma gia dinh + cam ket,T0,CARE-3,NUOI_DAY,chua phan cong,chua soan
5,2026-10-06,Thu Ba,11:45,G1 - Cộng đồng GITA365,G1-W05-N2,Bai nhe,Bang chung & cau chuyen,Hậu trường: một buổi làm việc của đội GITA365,Hau truong,Tra loi 1 dong,T0,CARE-1,NANG_LUC,chua phan cong,chua soan
5,2026-10-06,Thu Ba,11:45,G2 - Gia Đình Thịnh Vượng,G2-W05-N2,Bai nhe,Thi dua & vinh danh,Bảng xếp hạng giữa tuần: nhà bạn đang ở đâu?,Nhac bang xep hang,Tra loi 1 dong,T0,CARE-1,NUOI_DAY,chua phan cong,chua soan
5,2026-10-06,Thu Ba,17:30,G2 - Gia Đình Thịnh Vượng,G2-W05-T3-BAN_,Bàn Ăn Yêu Thương,Hoat dong gia dinh,"Câu hỏi bàn ăn: nếu được đổi một luật trong nhà, con đổi gì?",Cau hoi ban an + anh mam com,Chup anh mam com va ke lai,T0,CARE-2,NUOI_DAY,chua phan cong,chua soan
5,2026-10-06,Thu Ba,19:45,G1 - Cộng đồng GITA365,G1-W05-T3-GIAI,Giải Mã,Nhan thuc & tu duy,Kỷ luật không phải ý chí — nó là thiết kế,Bai dai + so do,Tai cong cu tren web app,T1,CARE-3,NANG_LUC,chua phan cong,chua soan
5,2026-10-07,Thu Tu,05:45,G1 - Cộng đồng GITA365,G1-W05-T4-CHO_,Cho Là Nhận,Thuc hanh co huong dan,Dạy lại điều bạn vừa học được tuần này,Thu thach trong ngay,"Bao lai da giup ai, viec gi",T0,CARE-2,NANG_LUC,chua phan cong,chua soan
5,2026-10-07,Thu Tu,11:45,G1 - Cộng đồng GITA365,G1-W05-N3,Bai nhe,Nhan thuc & tu duy,Trả lời một câu hỏi thật của thành viên,Tra loi cau hoi that,Tra loi 1 dong,T0,CARE-1,NANG_LUC,chua phan cong,chua soan
5,2026-10-07,Thu Tu,11:45,G2 - Gia Đình Thịnh Vượng,G2-W05-N3,Bai nhe,Moi nhan cong cu tang 1,Tặng cả nhà bộ 30 câu hỏi bàn ăn,Moi nhan bo cong cu tang 1,Tra loi 1 dong,T0,CARE-1,NUOI_DAY,chua phan cong,chua soan
5,2026-10-07,Thu Tu,19:45,G2 - Gia Đình Thịnh Vượng,G2-W05-T4-VIEC,Việc Tử Tế Của Gia Đình,Cau chuyen gia dinh,Để con tự chọn một việc tử tế,Ke lai 3 dong,Ke viec tu te va gan the mot gia dinh khac,T0,CARE-2,NUOI_DAY,chua phan cong,chua soan
5,2026-10-08,Thu Nam,11:45,G1 - Cộng đồng GITA365,G1-W05-N4,Bai nhe,Thuc hanh co huong dan,Thử ngay 5 phút: viết ra ba điều đang chiếm đầu bạn,Thu ngay 5 phut,Tra loi 1 dong,T0,CARE-1,NANG_LUC,chua phan cong,chua soan
5,2026-10-08,Thu Nam,20:00,G1 - Cộng đồng GITA365,G1-W05-T5-HOI_,Hỏi & Đáp Cùng Cố Vấn,Ket noi & nghi thuc,"Quản trị bản thân: hỏi thẳng, đáp thật",Livestream 30-45 phut,Dat cau hoi truoc gio live,T2,CARE-3,NANG_LUC,chua phan cong,chua soan
5,2026-10-08,Thu Nam,20:00,G2 - Gia Đình Thịnh Vượng,G2-W05-T5-CHA_,Cha Mẹ Tỉnh Thức,Ky nang cha me - vo chong,Kỷ luật tích cực: phạt mà không làm tổn thương,Bai ky nang + kich ban noi,Thu toi nay va ke lai,T1,CARE-3,NUOI_DAY,chua phan cong,chua soan
5,2026-10-09,Thu Sau,11:45,G1 - Cộng đồng GITA365,G1-W05-N5,Bai nhe,Bang chung & cau chuyen,Sai lầm tôi từng trả giá đắt,Sai lam cua toi,Tra loi 1 dong,T0,CARE-1,NANG_LUC,chua phan cong,chua soan
5,2026-10-09,Thu Sau,19:45,G1 - Cộng đồng GITA365,G1-W05-T6-BANG,Bằng Chứng,Bang chung & cau chuyen,Chín mươi ngày và một cuốn sổ,Cau chuyen chuyen hoa (UGC),Ke cau chuyen cua ban,T1,CARE-3,NANG_LUC,chua phan cong,chua soan
5,2026-10-09,Thu Sau,19:45,G2 - Gia Đình Thịnh Vượng,G2-W05-T6-KHOE,Khoe Nhà Mình,Cau chuyen gia dinh,Con bạn vừa làm được điều gì?,Anh/video + cau chuyen,Dang anh that kem 1 cau chuyen,T0,CARE-3,NUOI_DAY,chua phan cong,chua soan
5,2026-10-10,Thu Bay,08:00,G1 - Cộng đồng GITA365,G1-W05-T7-THUC,Thực Chiến,Thuc hanh co huong dan,Bài tập: bảng quản trị năng lượng một tuần,Bai tap + mau dien,Nop bai tren web app truoc Chu nhat,T1,CARE-2,NANG_LUC,chua phan cong,chua soan
5,2026-10-10,Thu Bay,08:00,G2 - Gia Đình Thịnh Vượng,G2-W05-T7-CHOI,Gia Đình Chơi Cùng Nhau,Hoat dong gia dinh,Trò chơi rèn kiên nhẫn cho con,Huong dan tro choi 15 phut,Choi va dang anh/video,T1,CARE-2,NUOI_DAY,chua phan cong,chua soan
5,2026-10-10,Thu Bay,11:45,G1 - Cộng đồng GITA365,G1-W05-N6,Bai nhe,Nhan thuc & tu duy,Câu hỏi nhanh: khó nhất với bạn là bắt đầu hay duy trì?,Cau hoi 1 dong,Tra loi 1 dong,T0,CARE-1,NANG_LUC,chua phan cong,chua soan
5,2026-10-11,Chu Nhat,11:45,G1 - Cộng đồng GITA365,G1-W05-N7,Bai nhe,Moi goi hanh dong,Bộ công cụ tuần này đang nằm ở đâu?,Nhac tai nguyen tang 1,Tra loi 1 dong,T0,CARE-1,NANG_LUC,chua phan cong,chua soan
5,2026-10-11,Chu Nhat,21:00,G1 - Cộng đồng GITA365,G1-W05-CN-TONG,Tổng Kết & Vinh Danh,Moi goi hanh dong,Bảng vinh danh người bền bỉ nhất tuần,Bang vinh danh + 1 loi moi,Loi moi duy nhat trong tuan,T2,CARE-3,NANG_LUC,chua phan cong,chua soan
5,2026-10-11,Chu Nhat,21:00,G2 - Gia Đình Thịnh Vượng,G2-W05-CN-VINH,Bảng Vinh Danh Gia Đình,Thi dua & vinh danh,Vinh danh những cha mẹ đã thay đổi cách nói,Bang xep hang 4 bang dau,Co vu it nhat 3 gia dinh,T0,CARE-3,NUOI_DAY,chua phan cong,chua soan
6,2026-10-12,Thu Hai,05:45,G1 - Cộng đồng GITA365,G1-W06-T2-KHOI,Khởi Nguyên,Ket noi & nghi thuc,Chọn một việc khó và làm nó trước 9 giờ sáng,Bai check-in 3 dong,Viet 3 dong cam ket tuan,T0,CARE-2,NANG_LUC,chua phan cong,chua soan
6,2026-10-12,Thu Hai,11:45,G1 - Cộng đồng GITA365,G1-W06-N1,Bai nhe,Nhan thuc & tu duy,Bình chọn: bạn hợp với buổi sáng hay buổi tối?,Binh chon A/B,Tra loi 1 dong,T0,CARE-1,NANG_LUC,chua phan cong,chua soan
6,2026-10-12,Thu Hai,11:45,G2 - Gia Đình Thịnh Vượng,G2-W06-N1,Bai nhe,Ky nang cha me - vo chong,Bình chọn: cuối tuần nhà bạn thích ở nhà hay đi chơi?,Binh chon A/B,Tra loi 1 dong,T0,CARE-1,NUOI_DAY,chua phan cong,chua soan
6,2026-10-12,Thu Hai,19:45,G2 - Gia Đình Thịnh Vượng,G2-W06-T2-NHIE,Nhiệm Vụ Gia Đình Tuần,Hoat dong gia dinh,Nhiệm vụ tuần: cùng con làm một việc nhà,Bai nhiem vu + cach cham diem,Binh luan Ma gia dinh + cam ket,T0,CARE-3,NUOI_DAY,chua phan cong,chua soan
6,2026-10-13,Thu Ba,11:45,G1 - Cộng đồng GITA365,G1-W06-N2,Bai nhe,Bang chung & cau chuyen,Một câu của thành viên khiến cả nhóm dừng lại,Anh trich dan tu thanh vien,Tra loi 1 dong,T0,CARE-1,NANG_LUC,chua phan cong,chua soan
6,2026-10-13,Thu Ba,11:45,G2 - Gia Đình Thịnh Vượng,G2-W06-N2,Bai nhe,Thi dua & vinh danh,Chào những gia đình mới đăng ký Mã gia đình tuần này,Goi ten gia dinh moi,Tra loi 1 dong,T0,CARE-1,NUOI_DAY,chua phan cong,chua soan
6,2026-10-13,Thu Ba,17:30,G2 - Gia Đình Thịnh Vượng,G2-W06-T3-BAN_,Bàn Ăn Yêu Thương,Hoat dong gia dinh,Câu hỏi bàn ăn: con muốn bố mẹ hiểu điều gì?,Cau hoi ban an + anh mam com,Chup anh mam com va ke lai,T0,CARE-2,NUOI_DAY,chua phan cong,chua soan
6,2026-10-13,Thu Ba,19:45,G1 - Cộng đồng GITA365,G1-W06-T3-GIAI,Giải Mã,Nhan thuc & tu duy,Bốn cái hố của người mới quản lý tiền,Bai dai + so do,Tai cong cu tren web app,T1,CARE-3,NANG_LUC,chua phan cong,chua soan
6,2026-10-14,Thu Tu,05:45,G1 - Cộng đồng GITA365,G1-W06-T4-CHO_,Cho Là Nhận,Thuc hanh co huong dan,Tặng ai đó 20 phút của bạn,Thu thach trong ngay,"Bao lai da giup ai, viec gi",T0,CARE-2,NANG_LUC,chua phan cong,chua soan
6,2026-10-14,Thu Tu,11:45,G1 - Cộng đồng GITA365,G1-W06-N3,Bai nhe,Ket noi & nghi thuc,Chào mừng những người mới của tuần,Chao mung nguoi moi,Tra loi 1 dong,T0,CARE-1,NANG_LUC,chua phan cong,chua soan
6,2026-10-14,Thu Tu,11:45,G2 - Gia Đình Thịnh Vượng,G2-W06-N3,Bai nhe,Moi nhan cong cu tang 1,Bộ 12 trò chơi gắn kết cha mẹ - con cái đã có trên web app,Moi nhan bo cong cu tang 1,Tra loi 1 dong,T0,CARE-1,NUOI_DAY,chua phan cong,chua soan
6,2026-10-14,Thu Tu,19:45,G2 - Gia Đình Thịnh Vượng,G2-W06-T4-VIEC,Việc Tử Tế Của Gia Đình,Cau chuyen gia dinh,Việc tử tế trong chính nhà mình,Ke lai 3 dong,Ke viec tu te va gan the mot gia dinh khac,T0,CARE-2,NUOI_DAY,chua phan cong,chua soan
6,2026-10-15,Thu Nam,11:45,G1 - Cộng đồng GITA365,G1-W06-N4,Bai nhe,Thuc hanh co huong dan,Thử ngay 5 phút: gọi cho một người bạn đang nghĩ tới,Thu ngay 5 phut,Tra loi 1 dong,T0,CARE-1,NANG_LUC,chua phan cong,chua soan
6,2026-10-15,Thu Nam,20:00,G1 - Cộng đồng GITA365,G1-W06-T5-HOI_,Hỏi & Đáp Cùng Cố Vấn,Ket noi & nghi thuc,Tiền bạc trong gia đình: những câu khó nói,Livestream 30-45 phut,Dat cau hoi truoc gio live,T2,CARE-3,NANG_LUC,chua phan cong,chua soan
6,2026-10-15,Thu Nam,20:00,G2 - Gia Đình Thịnh Vượng,G2-W06-T5-CHA_,Cha Mẹ Tỉnh Thức,Ky nang cha me - vo chong,Khi con nói dối: bốn bước xử lý,Bai ky nang + kich ban noi,Thu toi nay va ke lai,T1,CARE-3,NUOI_DAY,chua phan cong,chua soan
6,2026-10-16,Thu Sau,11:45,G1 - Cộng đồng GITA365,G1-W06-N5,Bai nhe,Bang chung & cau chuyen,Trước và sau: ba mươi ngày của một thành viên,Truoc va sau,Tra loi 1 dong,T0,CARE-1,NANG_LUC,chua phan cong,chua soan
6,2026-10-16,Thu Sau,19:45,G1 - Cộng đồng GITA365,G1-W06-T6-BANG,Bằng Chứng,Bang chung & cau chuyen,Anh ấy học lại cách nói chuyện với con,Cau chuyen chuyen hoa (UGC),Ke cau chuyen cua ban,T1,CARE-3,NANG_LUC,chua phan cong,chua soan
6,2026-10-16,Thu Sau,19:45,G2 - Gia Đình Thịnh Vượng,G2-W06-T6-KHOE,Khoe Nhà Mình,Cau chuyen gia dinh,Khoảnh khắc bạn thấy con lớn lên,Anh/video + cau chuyen,Dang anh that kem 1 cau chuyen,T0,CARE-3,NUOI_DAY,chua phan cong,chua soan
6,2026-10-17,Thu Bay,08:00,G1 - Cộng đồng GITA365,G1-W06-T7-THUC,Thực Chiến,Thuc hanh co huong dan,Bài tập: ba con số về tiền của gia đình bạn,Bai tap + mau dien,Nop bai tren web app truoc Chu nhat,T1,CARE-2,NANG_LUC,chua phan cong,chua soan
6,2026-10-17,Thu Bay,08:00,G2 - Gia Đình Thịnh Vượng,G2-W06-T7-CHOI,Gia Đình Chơi Cùng Nhau,Hoat dong gia dinh,Cả nhà cùng nấu một món,Huong dan tro choi 15 phut,Choi va dang anh/video,T1,CARE-2,NUOI_DAY,chua phan cong,chua soan
6,2026-10-17,Thu Bay,11:45,G1 - Cộng đồng GITA365,G1-W06-N6,Bai nhe,Nhan thuc & tu duy,Điều ai cũng khuyên nhưng có thể sai với bạn,Goc nhin nguoc,Tra loi 1 dong,T0,CARE-1,NANG_LUC,chua phan cong,chua soan
6,2026-10-18,Chu Nhat,11:45,G1 - Cộng đồng GITA365,G1-W06-N7,Bai nhe,Moi goi hanh dong,Buổi định hướng nhóm nhỏ tuần này còn chỗ,Nhac buoi dinh huong,Tra loi 1 dong,T0,CARE-1,NANG_LUC,chua phan cong,chua soan
6,2026-10-18,Chu Nhat,21:00,G1 - Cộng đồng GITA365,G1-W06-CN-TONG,Tổng Kết & Vinh Danh,Moi goi hanh dong,Con số của tuần và ba bài học,Bang vinh danh + 1 loi moi,Loi moi duy nhat trong tuan,T2,CARE-3,NANG_LUC,chua phan cong,chua soan
6,2026-10-18,Chu Nhat,21:00,G2 - Gia Đình Thịnh Vượng,G2-W06-CN-VINH,Bảng Vinh Danh Gia Đình,Thi dua & vinh danh,Gia đình tiến bộ nhất tuần này,Bang xep hang 4 bang dau,Co vu it nhat 3 gia dinh,T0,CARE-3,NUOI_DAY,chua phan cong,chua soan
7,2026-10-19,Thu Hai,05:45,G1 - Cộng đồng GITA365,G1-W07-T2-KHOI,Khởi Nguyên,Ket noi & nghi thuc,Bạn đang tiêu thời gian vào đâu nhiều nhất?,Bai check-in 3 dong,Viet 3 dong cam ket tuan,T0,CARE-2,NANG_LUC,chua phan cong,chua soan
7,2026-10-19,Thu Hai,11:45,G1 - Cộng đồng GITA365,G1-W07-N1,Bai nhe,Nhan thuc & tu duy,Một câu để mang theo hôm nay,Anh trich dan co ngu canh,Tra loi 1 dong,T0,CARE-1,NANG_LUC,chua phan cong,chua soan
7,2026-10-19,Thu Hai,11:45,G2 - Gia Đình Thịnh Vượng,G2-W07-N1,Bai nhe,Ky nang cha me - vo chong,Nhà bạn xử lý thế nào khi hai đứa tranh nhau đồ chơi?,Cau hoi 1 dong,Tra loi 1 dong,T0,CARE-1,NUOI_DAY,chua phan cong,chua soan
7,2026-10-19,Thu Hai,19:45,G2 - Gia Đình Thịnh Vượng,G2-W07-T2-NHIE,Nhiệm Vụ Gia Đình Tuần,Hoat dong gia dinh,Nhiệm vụ tuần: đọc cùng con 15 phút mỗi tối,Bai nhiem vu + cach cham diem,Binh luan Ma gia dinh + cam ket,T0,CARE-3,NUOI_DAY,chua phan cong,chua soan
7,2026-10-20,Thu Ba,11:45,G1 - Cộng đồng GITA365,G1-W07-N2,Bai nhe,Bang chung & cau chuyen,Hậu trường: một buổi làm việc của đội GITA365,Hau truong,Tra loi 1 dong,T0,CARE-1,NANG_LUC,chua phan cong,chua soan
7,2026-10-20,Thu Ba,11:45,G2 - Gia Đình Thịnh Vượng,G2-W07-N2,Bai nhe,Thi dua & vinh danh,Bảng xếp hạng giữa tuần: nhà bạn đang ở đâu?,Nhac bang xep hang,Tra loi 1 dong,T0,CARE-1,NUOI_DAY,chua phan cong,chua soan
7,2026-10-20,Thu Ba,17:30,G2 - Gia Đình Thịnh Vượng,G2-W07-T3-BAN_,Bàn Ăn Yêu Thương,Hoat dong gia dinh,Câu hỏi bàn ăn: điều gì con đang cố gắng?,Cau hoi ban an + anh mam com,Chup anh mam com va ke lai,T0,CARE-2,NUOI_DAY,chua phan cong,chua soan
7,2026-10-20,Thu Ba,19:45,G1 - Cộng đồng GITA365,G1-W07-T3-GIAI,Giải Mã,Nhan thuc & tu duy,Năng lượng quan trọng hơn thời gian,Bai dai + so do,Tai cong cu tren web app,T1,CARE-3,NANG_LUC,chua phan cong,chua soan
7,2026-10-21,Thu Tu,05:45,G1 - Cộng đồng GITA365,G1-W07-T4-CHO_,Cho Là Nhận,Thuc hanh co huong dan,Chỉ cho một người cách bạn tiết kiệm được khoản đầu tiên,Thu thach trong ngay,"Bao lai da giup ai, viec gi",T0,CARE-2,NANG_LUC,chua phan cong,chua soan
7,2026-10-21,Thu Tu,11:45,G1 - Cộng đồng GITA365,G1-W07-N3,Bai nhe,Nhan thuc & tu duy,Trả lời một câu hỏi thật của thành viên,Tra loi cau hoi that,Tra loi 1 dong,T0,CARE-1,NANG_LUC,chua phan cong,chua soan
7,2026-10-21,Thu Tu,11:45,G2 - Gia Đình Thịnh Vượng,G2-W07-N3,Bai nhe,Moi nhan cong cu tang 1,Tặng cả nhà bộ 30 câu hỏi bàn ăn,Moi nhan bo cong cu tang 1,Tra loi 1 dong,T0,CARE-1,NUOI_DAY,chua phan cong,chua soan
7,2026-10-21,Thu Tu,19:45,G2 - Gia Đình Thịnh Vượng,G2-W07-T4-VIEC,Việc Tử Tế Của Gia Đình,Cau chuyen gia dinh,Cùng con làm một món quà tặng ai đó,Ke lai 3 dong,Ke viec tu te va gan the mot gia dinh khac,T0,CARE-2,NUOI_DAY,chua phan cong,chua soan
7,2026-10-22,Thu Nam,11:45,G1 - Cộng đồng GITA365,G1-W07-N4,Bai nhe,Thuc hanh co huong dan,Thử ngay 5 phút: viết ra ba điều đang chiếm đầu bạn,Thu ngay 5 phut,Tra loi 1 dong,T0,CARE-1,NANG_LUC,chua phan cong,chua soan
7,2026-10-22,Thu Nam,20:00,G1 - Cộng đồng GITA365,G1-W07-T5-HOI_,Hỏi & Đáp Cùng Cố Vấn,Ket noi & nghi thuc,Làm sao giữ nhịp khi công việc quá tải?,Livestream 30-45 phut,Dat cau hoi truoc gio live,T2,CARE-3,NANG_LUC,chua phan cong,chua soan
7,2026-10-22,Thu Nam,20:00,G2 - Gia Đình Thịnh Vượng,G2-W07-T5-CHA_,Cha Mẹ Tỉnh Thức,Ky nang cha me - vo chong,Con dán mắt vào điện thoại: thương lượng thế nào,Bai ky nang + kich ban noi,Thu toi nay va ke lai,T1,CARE-3,NUOI_DAY,chua phan cong,chua soan
7,2026-10-23,Thu Sau,11:45,G1 - Cộng đồng GITA365,G1-W07-N5,Bai nhe,Bang chung & cau chuyen,Sai lầm tôi từng trả giá đắt,Sai lam cua toi,Tra loi 1 dong,T0,CARE-1,NANG_LUC,chua phan cong,chua soan
7,2026-10-23,Thu Sau,19:45,G1 - Cộng đồng GITA365,G1-W07-T6-BANG,Bằng Chứng,Bang chung & cau chuyen,Từ nợ nần đến khoản tiết kiệm đầu tiên,Cau chuyen chuyen hoa (UGC),Ke cau chuyen cua ban,T1,CARE-3,NANG_LUC,chua phan cong,chua soan
7,2026-10-23,Thu Sau,19:45,G2 - Gia Đình Thịnh Vượng,G2-W07-T6-KHOE,Khoe Nhà Mình,Cau chuyen gia dinh,Lần đầu tiên của con,Anh/video + cau chuyen,Dang anh that kem 1 cau chuyen,T0,CARE-3,NUOI_DAY,chua phan cong,chua soan
7,2026-10-24,Thu Bay,08:00,G1 - Cộng đồng GITA365,G1-W07-T7-THUC,Thực Chiến,Thuc hanh co huong dan,Bài tập: thiết kế lại buổi sáng,Bai tap + mau dien,Nop bai tren web app truoc Chu nhat,T1,CARE-2,NANG_LUC,chua phan cong,chua soan
7,2026-10-24,Thu Bay,08:00,G2 - Gia Đình Thịnh Vượng,G2-W07-T7-CHOI,Gia Đình Chơi Cùng Nhau,Hoat dong gia dinh,Thử thách một ngày không màn hình,Huong dan tro choi 15 phut,Choi va dang anh/video,T1,CARE-2,NUOI_DAY,chua phan cong,chua soan
7,2026-10-24,Thu Bay,11:45,G1 - Cộng đồng GITA365,G1-W07-N6,Bai nhe,Nhan thuc & tu duy,Câu hỏi nhanh: khó nhất với bạn là bắt đầu hay duy trì?,Cau hoi 1 dong,Tra loi 1 dong,T0,CARE-1,NANG_LUC,chua phan cong,chua soan
7,2026-10-25,Chu Nhat,11:45,G1 - Cộng đồng GITA365,G1-W07-N7,Bai nhe,Moi goi hanh dong,Bộ công cụ tuần này đang nằm ở đâu?,Nhac tai nguyen tang 1,Tra loi 1 dong,T0,CARE-1,NANG_LUC,chua phan cong,chua soan
7,2026-10-25,Chu Nhat,21:00,G1 - Cộng đồng GITA365,G1-W07-CN-TONG,Tổng Kết & Vinh Danh,Moi goi hanh dong,Ai đã tiến xa nhất tuần này?,Bang vinh danh + 1 loi moi,Loi moi duy nhat trong tuan,T2,CARE-3,NANG_LUC,chua phan cong,chua soan
7,2026-10-25,Chu Nhat,21:00,G2 - Gia Đình Thịnh Vượng,G2-W07-CN-VINH,Bảng Vinh Danh Gia Đình,Thi dua & vinh danh,Câu chuyện được yêu thích nhất tuần,Bang xep hang 4 bang dau,Co vu it nhat 3 gia dinh,T0,CARE-3,NUOI_DAY,chua phan cong,chua soan
8,2026-10-26,Thu Hai,05:45,G1 - Cộng đồng GITA365,G1-W08-T2-KHOI,Khởi Nguyên,Ket noi & nghi thuc,"Một kỹ năng, hai mươi phút mỗi ngày",Bai check-in 3 dong,Viet 3 dong cam ket tuan,T0,CARE-2,NANG_LUC,chua phan cong,chua soan
8,2026-10-26,Thu Hai,11:45,G1 - Cộng đồng GITA365,G1-W08-N1,Bai nhe,Nhan thuc & tu duy,Bình chọn: bạn hợp với buổi sáng hay buổi tối?,Binh chon A/B,Tra loi 1 dong,T0,CARE-1,NANG_LUC,chua phan cong,chua soan
8,2026-10-26,Thu Hai,11:45,G2 - Gia Đình Thịnh Vượng,G2-W08-N1,Bai nhe,Ky nang cha me - vo chong,Bình chọn: cuối tuần nhà bạn thích ở nhà hay đi chơi?,Binh chon A/B,Tra loi 1 dong,T0,CARE-1,NUOI_DAY,chua phan cong,chua soan
8,2026-10-26,Thu Hai,19:45,G2 - Gia Đình Thịnh Vượng,G2-W08-T2-NHIE,Nhiệm Vụ Gia Đình Tuần,Hoat dong gia dinh,Nhiệm vụ tuần: một ngày không quát,Bai nhiem vu + cach cham diem,Binh luan Ma gia dinh + cam ket,T0,CARE-3,NUOI_DAY,chua phan cong,chua soan
8,2026-10-27,Thu Ba,11:45,G1 - Cộng đồng GITA365,G1-W08-N2,Bai nhe,Bang chung & cau chuyen,Một câu của thành viên khiến cả nhóm dừng lại,Anh trich dan tu thanh vien,Tra loi 1 dong,T0,CARE-1,NANG_LUC,chua phan cong,chua soan
8,2026-10-27,Thu Ba,11:45,G2 - Gia Đình Thịnh Vượng,G2-W08-N2,Bai nhe,Thi dua & vinh danh,Chào những gia đình mới đăng ký Mã gia đình tuần này,Goi ten gia dinh moi,Tra loi 1 dong,T0,CARE-1,NUOI_DAY,chua phan cong,chua soan
8,2026-10-27,Thu Ba,17:30,G2 - Gia Đình Thịnh Vượng,G2-W08-T3-BAN_,Bàn Ăn Yêu Thương,Hoat dong gia dinh,Câu hỏi bàn ăn: con thấy nhà mình đặc biệt ở chỗ nào?,Cau hoi ban an + anh mam com,Chup anh mam com va ke lai,T0,CARE-2,NUOI_DAY,chua phan cong,chua soan
8,2026-10-27,Thu Ba,19:45,G1 - Cộng đồng GITA365,G1-W08-T3-GIAI,Giải Mã,Nhan thuc & tu duy,Vì sao bạn học nhiều mà đổi thay ít?,Bai dai + so do,Tai cong cu tren web app,T1,CARE-3,NANG_LUC,chua phan cong,chua soan
8,2026-10-28,Thu Tu,05:45,G1 - Cộng đồng GITA365,G1-W08-T4-CHO_,Cho Là Nhận,Thuc hanh co huong dan,Giới thiệu hai người trong nhóm nên quen nhau,Thu thach trong ngay,"Bao lai da giup ai, viec gi",T0,CARE-2,NANG_LUC,chua phan cong,chua soan
8,2026-10-28,Thu Tu,11:45,G1 - Cộng đồng GITA365,G1-W08-N3,Bai nhe,Ket noi & nghi thuc,Chào mừng những người mới của tuần,Chao mung nguoi moi,Tra loi 1 dong,T0,CARE-1,NANG_LUC,chua phan cong,chua soan
8,2026-10-28,Thu Tu,11:45,G2 - Gia Đình Thịnh Vượng,G2-W08-N3,Bai nhe,Moi nhan cong cu tang 1,Bộ 12 trò chơi gắn kết cha mẹ - con cái đã có trên web app,Moi nhan bo cong cu tang 1,Tra loi 1 dong,T0,CARE-1,NUOI_DAY,chua phan cong,chua soan
8,2026-10-28,Thu Tu,19:45,G2 - Gia Đình Thịnh Vượng,G2-W08-T4-VIEC,Việc Tử Tế Của Gia Đình,Cau chuyen gia dinh,Khi con từ chối giúp: xử lý thế nào?,Ke lai 3 dong,Ke viec tu te va gan the mot gia dinh khac,T0,CARE-2,NUOI_DAY,chua phan cong,chua soan
8,2026-10-29,Thu Nam,11:45,G1 - Cộng đồng GITA365,G1-W08-N4,Bai nhe,Thuc hanh co huong dan,Thử ngay 5 phút: gọi cho một người bạn đang nghĩ tới,Thu ngay 5 phut,Tra loi 1 dong,T0,CARE-1,NANG_LUC,chua phan cong,chua soan
8,2026-10-29,Thu Nam,20:00,G1 - Cộng đồng GITA365,G1-W08-T5-HOI_,Hỏi & Đáp Cùng Cố Vấn,Ket noi & nghi thuc,Học một kỹ năng mới ở tuổi 40,Livestream 30-45 phut,Dat cau hoi truoc gio live,T2,CARE-3,NANG_LUC,chua phan cong,chua soan
8,2026-10-29,Thu Nam,20:00,G2 - Gia Đình Thịnh Vượng,G2-W08-T5-CHA_,Cha Mẹ Tỉnh Thức,Ky nang cha me - vo chong,Khen thế nào để con không sợ thất bại,Bai ky nang + kich ban noi,Thu toi nay va ke lai,T1,CARE-3,NUOI_DAY,chua phan cong,chua soan
8,2026-10-30,Thu Sau,11:45,G1 - Cộng đồng GITA365,G1-W08-N5,Bai nhe,Bang chung & cau chuyen,Trước và sau: ba mươi ngày của một thành viên,Truoc va sau,Tra loi 1 dong,T0,CARE-1,NANG_LUC,chua phan cong,chua soan
8,2026-10-30,Thu Sau,19:45,G1 - Cộng đồng GITA365,G1-W08-T6-BANG,Bằng Chứng,Bang chung & cau chuyen,Cô giáo về hưu bắt đầu lại từ con số không,Cau chuyen chuyen hoa (UGC),Ke cau chuyen cua ban,T1,CARE-3,NANG_LUC,chua phan cong,chua soan
8,2026-10-30,Thu Sau,19:45,G2 - Gia Đình Thịnh Vượng,G2-W08-T6-KHOE,Khoe Nhà Mình,Cau chuyen gia dinh,Ảnh cha con / mẹ con của tuần,Anh/video + cau chuyen,Dang anh that kem 1 cau chuyen,T0,CARE-3,NUOI_DAY,chua phan cong,chua soan
8,2026-10-31,Thu Bay,08:00,G1 - Cộng đồng GITA365,G1-W08-T7-THUC,Thực Chiến,Thuc hanh co huong dan,Bài tập: cắt một thói quen tốn giờ,Bai tap + mau dien,Nop bai tren web app truoc Chu nhat,T1,CARE-2,NANG_LUC,chua phan cong,chua soan
8,2026-10-31,Thu Bay,08:00,G2 - Gia Đình Thịnh Vượng,G2-W08-T7-CHOI,Gia Đình Chơi Cùng Nhau,Hoat dong gia dinh,Trò chơi dạy con hợp tác,Huong dan tro choi 15 phut,Choi va dang anh/video,T1,CARE-2,NUOI_DAY,chua phan cong,chua soan
8,2026-10-31,Thu Bay,11:45,G1 - Cộng đồng GITA365,G1-W08-N6,Bai nhe,Nhan thuc & tu duy,Điều ai cũng khuyên nhưng có thể sai với bạn,Goc nhin nguoc,Tra loi 1 dong,T0,CARE-1,NANG_LUC,chua phan cong,chua soan
8,2026-11-01,Chu Nhat,11:45,G1 - Cộng đồng GITA365,G1-W08-N7,Bai nhe,Moi goi hanh dong,Buổi định hướng nhóm nhỏ tuần này còn chỗ,Nhac buoi dinh huong,Tra loi 1 dong,T0,CARE-1,NANG_LUC,chua phan cong,chua soan
8,2026-11-01,Chu Nhat,21:00,G1 - Cộng đồng GITA365,G1-W08-CN-TONG,Tổng Kết & Vinh Danh,Moi goi hanh dong,"Tổng kết: điều gì hiệu quả, điều gì bỏ đi",Bang vinh danh + 1 loi moi,Loi moi duy nhat trong tuan,T2,CARE-3,NANG_LUC,chua phan cong,chua soan
8,2026-11-01,Chu Nhat,21:00,G2 - Gia Đình Thịnh Vượng,G2-W08-CN-VINH,Bảng Vinh Danh Gia Đình,Thi dua & vinh danh,Bảng xếp hạng bốn bảng đấu,Bang xep hang 4 bang dau,Co vu it nhat 3 gia dinh,T0,CARE-3,NUOI_DAY,chua phan cong,chua soan
9,2026-11-02,Thu Hai,05:45,G1 - Cộng đồng GITA365,G1-W09-T2-KHOI,Khởi Nguyên,Ket noi & nghi thuc,Tuần này bạn sẽ cho đi điều gì?,Bai check-in 3 dong,Viet 3 dong cam ket tuan,T0,CARE-2,NHAN_BAN,chua phan cong,chua soan
9,2026-11-02,Thu Hai,11:45,G1 - Cộng đồng GITA365,G1-W09-N1,Bai nhe,Nhan thuc & tu duy,Một câu để mang theo hôm nay,Anh trich dan co ngu canh,Tra loi 1 dong,T0,CARE-1,NHAN_BAN,chua phan cong,chua soan
9,2026-11-02,Thu Hai,11:45,G2 - Gia Đình Thịnh Vượng,G2-W09-N1,Bai nhe,Ky nang cha me - vo chong,Nhà bạn xử lý thế nào khi hai đứa tranh nhau đồ chơi?,Cau hoi 1 dong,Tra loi 1 dong,T0,CARE-1,THINH_VUONG,chua phan cong,chua soan
9,2026-11-02,Thu Hai,19:45,G2 - Gia Đình Thịnh Vượng,G2-W09-T2-NHIE,Nhiệm Vụ Gia Đình Tuần,Hoat dong gia dinh,Nhiệm vụ tuần: cả nhà cùng lập quỹ nhỏ,Bai nhiem vu + cach cham diem,Binh luan Ma gia dinh + cam ket,T0,CARE-3,THINH_VUONG,chua phan cong,chua soan
9,2026-11-03,Thu Ba,11:45,G1 - Cộng đồng GITA365,G1-W09-N2,Bai nhe,Bang chung & cau chuyen,Hậu trường: một buổi làm việc của đội GITA365,Hau truong,Tra loi 1 dong,T0,CARE-1,NHAN_BAN,chua phan cong,chua soan
9,2026-11-03,Thu Ba,11:45,G2 - Gia Đình Thịnh Vượng,G2-W09-N2,Bai nhe,Thi dua & vinh danh,Bảng xếp hạng giữa tuần: nhà bạn đang ở đâu?,Nhac bang xep hang,Tra loi 1 dong,T0,CARE-1,THINH_VUONG,chua phan cong,chua soan
9,2026-11-03,Thu Ba,17:30,G2 - Gia Đình Thịnh Vượng,G2-W09-T3-BAN_,Bàn Ăn Yêu Thương,Hoat dong gia dinh,Câu hỏi bàn ăn: nhà mình giàu ở điểm nào?,Cau hoi ban an + anh mam com,Chup anh mam com va ke lai,T0,CARE-2,THINH_VUONG,chua phan cong,chua soan
9,2026-11-03,Thu Ba,19:45,G1 - Cộng đồng GITA365,G1-W09-T3-GIAI,Giải Mã,Nhan thuc & tu duy,Cho là nhận không phải khẩu hiệu — đây là cơ chế,Bai dai + so do,Tai cong cu tren web app,T1,CARE-3,NHAN_BAN,chua phan cong,chua soan
9,2026-11-04,Thu Tu,05:45,G1 - Cộng đồng GITA365,G1-W09-T4-CHO_,Cho Là Nhận,Thuc hanh co huong dan,Kèm một người mới trong nhóm suốt tuần này,Thu thach trong ngay,"Bao lai da giup ai, viec gi",T0,CARE-2,NHAN_BAN,chua phan cong,chua soan
9,2026-11-04,Thu Tu,11:45,G1 - Cộng đồng GITA365,G1-W09-N3,Bai nhe,Nhan thuc & tu duy,Trả lời một câu hỏi thật của thành viên,Tra loi cau hoi that,Tra loi 1 dong,T0,CARE-1,NHAN_BAN,chua phan cong,chua soan
9,2026-11-04,Thu Tu,11:45,G2 - Gia Đình Thịnh Vượng,G2-W09-N3,Bai nhe,Moi nhan cong cu tang 1,Tặng cả nhà bộ 30 câu hỏi bàn ăn,Moi nhan bo cong cu tang 1,Tra loi 1 dong,T0,CARE-1,THINH_VUONG,chua phan cong,chua soan
9,2026-11-04,Thu Tu,19:45,G2 - Gia Đình Thịnh Vượng,G2-W09-T4-VIEC,Việc Tử Tế Của Gia Đình,Cau chuyen gia dinh,Gia đình giúp gia đình: mình giúp được ai?,Ke lai 3 dong,Ke viec tu te va gan the mot gia dinh khac,T0,CARE-2,THINH_VUONG,chua phan cong,chua soan
9,2026-11-05,Thu Nam,11:45,G1 - Cộng đồng GITA365,G1-W09-N4,Bai nhe,Thuc hanh co huong dan,Thử ngay 5 phút: viết ra ba điều đang chiếm đầu bạn,Thu ngay 5 phut,Tra loi 1 dong,T0,CARE-1,NHAN_BAN,chua phan cong,chua soan
9,2026-11-05,Thu Nam,20:00,G1 - Cộng đồng GITA365,G1-W09-T5-HOI_,Hỏi & Đáp Cùng Cố Vấn,Ket noi & nghi thuc,Dẫn dắt người khác khi mình còn chưa hoàn hảo,Livestream 30-45 phut,Dat cau hoi truoc gio live,T2,CARE-3,NHAN_BAN,chua phan cong,chua soan
9,2026-11-05,Thu Nam,20:00,G2 - Gia Đình Thịnh Vượng,G2-W09-T5-CHA_,Cha Mẹ Tỉnh Thức,Ky nang cha me - vo chong,Dạy con về tiền từ mấy tuổi?,Bai ky nang + kich ban noi,Thu toi nay va ke lai,T1,CARE-3,THINH_VUONG,chua phan cong,chua soan
9,2026-11-06,Thu Sau,11:45,G1 - Cộng đồng GITA365,G1-W09-N5,Bai nhe,Bang chung & cau chuyen,Sai lầm tôi từng trả giá đắt,Sai lam cua toi,Tra loi 1 dong,T0,CARE-1,NHAN_BAN,chua phan cong,chua soan
9,2026-11-06,Thu Sau,19:45,G1 - Cộng đồng GITA365,G1-W09-T6-BANG,Bằng Chứng,Bang chung & cau chuyen,Gia đình đầu tiên mời năm gia đình khác,Cau chuyen chuyen hoa (UGC),Ke cau chuyen cua ban,T1,CARE-3,NHAN_BAN,chua phan cong,chua soan
9,2026-11-06,Thu Sau,19:45,G2 - Gia Đình Thịnh Vượng,G2-W09-T6-KHOE,Khoe Nhà Mình,Cau chuyen gia dinh,Truyền thống riêng của nhà bạn,Anh/video + cau chuyen,Dang anh that kem 1 cau chuyen,T0,CARE-3,THINH_VUONG,chua phan cong,chua soan
9,2026-11-07,Thu Bay,08:00,G1 - Cộng đồng GITA365,G1-W09-T7-THUC,Thực Chiến,Thuc hanh co huong dan,Bài tập: viết thư cho người đã giúp bạn,Bai tap + mau dien,Nop bai tren web app truoc Chu nhat,T1,CARE-2,NHAN_BAN,chua phan cong,chua soan
9,2026-11-07,Thu Bay,08:00,G2 - Gia Đình Thịnh Vượng,G2-W09-T7-CHOI,Gia Đình Chơi Cùng Nhau,Hoat dong gia dinh,Trò chơi dạy con quản lý tiền,Huong dan tro choi 15 phut,Choi va dang anh/video,T1,CARE-2,THINH_VUONG,chua phan cong,chua soan
9,2026-11-07,Thu Bay,11:45,G1 - Cộng đồng GITA365,G1-W09-N6,Bai nhe,Nhan thuc & tu duy,Câu hỏi nhanh: khó nhất với bạn là bắt đầu hay duy trì?,Cau hoi 1 dong,Tra loi 1 dong,T0,CARE-1,NHAN_BAN,chua phan cong,chua soan
9,2026-11-08,Chu Nhat,11:45,G1 - Cộng đồng GITA365,G1-W09-N7,Bai nhe,Moi goi hanh dong,Bộ công cụ tuần này đang nằm ở đâu?,Nhac tai nguyen tang 1,Tra loi 1 dong,T0,CARE-1,NHAN_BAN,chua phan cong,chua soan
9,2026-11-08,Chu Nhat,21:00,G1 - Cộng đồng GITA365,G1-W09-CN-TONG,Tổng Kết & Vinh Danh,Moi goi hanh dong,Vinh danh những người cho đi nhiều nhất,Bang vinh danh + 1 loi moi,Loi moi duy nhat trong tuan,T2,CARE-3,NHAN_BAN,chua phan cong,chua soan
9,2026-11-08,Chu Nhat,21:00,G2 - Gia Đình Thịnh Vượng,G2-W09-CN-VINH,Bảng Vinh Danh Gia Đình,Thi dua & vinh danh,Tổng kết mùa: những gia đình đi trọn hành trình,Bang xep hang 4 bang dau,Co vu it nhat 3 gia dinh,T0,CARE-3,THINH_VUONG,chua phan cong,chua soan
10,2026-11-09,Thu Hai,05:45,G1 - Cộng đồng GITA365,G1-W10-T2-KHOI,Khởi Nguyên,Ket noi & nghi thuc,Ai là người bạn muốn kéo đi cùng?,Bai check-in 3 dong,Viet 3 dong cam ket tuan,T0,CARE-2,NHAN_BAN,chua phan cong,chua soan
10,2026-11-09,Thu Hai,11:45,G1 - Cộng đồng GITA365,G1-W10-N1,Bai nhe,Nhan thuc & tu duy,Bình chọn: bạn hợp với buổi sáng hay buổi tối?,Binh chon A/B,Tra loi 1 dong,T0,CARE-1,NHAN_BAN,chua phan cong,chua soan
10,2026-11-09,Thu Hai,11:45,G2 - Gia Đình Thịnh Vượng,G2-W10-N1,Bai nhe,Ky nang cha me - vo chong,Bình chọn: cuối tuần nhà bạn thích ở nhà hay đi chơi?,Binh chon A/B,Tra loi 1 dong,T0,CARE-1,THINH_VUONG,chua phan cong,chua soan
10,2026-11-09,Thu Hai,19:45,G2 - Gia Đình Thịnh Vượng,G2-W10-T2-NHIE,Nhiệm Vụ Gia Đình Tuần,Hoat dong gia dinh,Nhiệm vụ tuần: dạy con tiêu tiền có kế hoạch,Bai nhiem vu + cach cham diem,Binh luan Ma gia dinh + cam ket,T0,CARE-3,THINH_VUONG,chua phan cong,chua soan
10,2026-11-10,Thu Ba,11:45,G1 - Cộng đồng GITA365,G1-W10-N2,Bai nhe,Bang chung & cau chuyen,Một câu của thành viên khiến cả nhóm dừng lại,Anh trich dan tu thanh vien,Tra loi 1 dong,T0,CARE-1,NHAN_BAN,chua phan cong,chua soan
10,2026-11-10,Thu Ba,11:45,G2 - Gia Đình Thịnh Vượng,G2-W10-N2,Bai nhe,Thi dua & vinh danh,Chào những gia đình mới đăng ký Mã gia đình tuần này,Goi ten gia dinh moi,Tra loi 1 dong,T0,CARE-1,THINH_VUONG,chua phan cong,chua soan
10,2026-11-10,Thu Ba,17:30,G2 - Gia Đình Thịnh Vượng,G2-W10-T3-BAN_,Bàn Ăn Yêu Thương,Hoat dong gia dinh,Câu hỏi bàn ăn: con muốn nhà mình có truyền thống gì?,Cau hoi ban an + anh mam com,Chup anh mam com va ke lai,T0,CARE-2,THINH_VUONG,chua phan cong,chua soan
10,2026-11-10,Thu Ba,19:45,G1 - Cộng đồng GITA365,G1-W10-T3-GIAI,Giải Mã,Nhan thuc & tu duy,Người dẫn dắt khác người giỏi ở điểm nào?,Bai dai + so do,Tai cong cu tren web app,T1,CARE-3,NHAN_BAN,chua phan cong,chua soan
10,2026-11-11,Thu Tu,05:45,G1 - Cộng đồng GITA365,G1-W10-T4-CHO_,Cho Là Nhận,Thuc hanh co huong dan,Viết lại điều bạn học được để cả nhóm dùng,Thu thach trong ngay,"Bao lai da giup ai, viec gi",T0,CARE-2,NHAN_BAN,chua phan cong,chua soan
10,2026-11-11,Thu Tu,11:45,G1 - Cộng đồng GITA365,G1-W10-N3,Bai nhe,Ket noi & nghi thuc,Chào mừng những người mới của tuần,Chao mung nguoi moi,Tra loi 1 dong,T0,CARE-1,NHAN_BAN,chua phan cong,chua soan
10,2026-11-11,Thu Tu,11:45,G2 - Gia Đình Thịnh Vượng,G2-W10-N3,Bai nhe,Moi nhan cong cu tang 1,Bộ 12 trò chơi gắn kết cha mẹ - con cái đã có trên web app,Moi nhan bo cong cu tang 1,Tra loi 1 dong,T0,CARE-1,THINH_VUONG,chua phan cong,chua soan
10,2026-11-11,Thu Tu,19:45,G2 - Gia Đình Thịnh Vượng,G2-W10-T4-VIEC,Việc Tử Tế Của Gia Đình,Cau chuyen gia dinh,Cho đi một thứ nhà mình không còn dùng,Ke lai 3 dong,Ke viec tu te va gan the mot gia dinh khac,T0,CARE-2,THINH_VUONG,chua phan cong,chua soan
10,2026-11-12,Thu Nam,11:45,G1 - Cộng đồng GITA365,G1-W10-N4,Bai nhe,Thuc hanh co huong dan,Thử ngay 5 phút: gọi cho một người bạn đang nghĩ tới,Thu ngay 5 phut,Tra loi 1 dong,T0,CARE-1,NHAN_BAN,chua phan cong,chua soan
10,2026-11-12,Thu Nam,20:00,G1 - Cộng đồng GITA365,G1-W10-T5-HOI_,Hỏi & Đáp Cùng Cố Vấn,Ket noi & nghi thuc,Cho đi mà không kiệt sức,Livestream 30-45 phut,Dat cau hoi truoc gio live,T2,CARE-3,NHAN_BAN,chua phan cong,chua soan
10,2026-11-12,Thu Nam,20:00,G2 - Gia Đình Thịnh Vượng,G2-W10-T5-CHA_,Cha Mẹ Tỉnh Thức,Ky nang cha me - vo chong,Giao việc nhà theo độ tuổi,Bai ky nang + kich ban noi,Thu toi nay va ke lai,T1,CARE-3,THINH_VUONG,chua phan cong,chua soan
10,2026-11-13,Thu Sau,11:45,G1 - Cộng đồng GITA365,G1-W10-N5,Bai nhe,Bang chung & cau chuyen,Trước và sau: ba mươi ngày của một thành viên,Truoc va sau,Tra loi 1 dong,T0,CARE-1,NHAN_BAN,chua phan cong,chua soan
10,2026-11-13,Thu Sau,19:45,G1 - Cộng đồng GITA365,G1-W10-T6-BANG,Bằng Chứng,Bang chung & cau chuyen,Người từng im lặng nay dẫn một Tổ ấm,Cau chuyen chuyen hoa (UGC),Ke cau chuyen cua ban,T1,CARE-3,NHAN_BAN,chua phan cong,chua soan
10,2026-11-13,Thu Sau,19:45,G2 - Gia Đình Thịnh Vượng,G2-W10-T6-KHOE,Khoe Nhà Mình,Cau chuyen gia dinh,Bữa cơm nhà mình hôm nay,Anh/video + cau chuyen,Dang anh that kem 1 cau chuyen,T0,CARE-3,THINH_VUONG,chua phan cong,chua soan
10,2026-11-14,Thu Bay,08:00,G1 - Cộng đồng GITA365,G1-W10-T7-THUC,Thực Chiến,Thuc hanh co huong dan,Bài tập: lập kế hoạch dẫn dắt một người,Bai tap + mau dien,Nop bai tren web app truoc Chu nhat,T1,CARE-2,NHAN_BAN,chua phan cong,chua soan
10,2026-11-14,Thu Bay,08:00,G2 - Gia Đình Thịnh Vượng,G2-W10-T7-CHOI,Gia Đình Chơi Cùng Nhau,Hoat dong gia dinh,Cả nhà cùng làm một dự án nhỏ,Huong dan tro choi 15 phut,Choi va dang anh/video,T1,CARE-2,THINH_VUONG,chua phan cong,chua soan
10,2026-11-14,Thu Bay,11:45,G1 - Cộng đồng GITA365,G1-W10-N6,Bai nhe,Nhan thuc & tu duy,Điều ai cũng khuyên nhưng có thể sai với bạn,Goc nhin nguoc,Tra loi 1 dong,T0,CARE-1,NHAN_BAN,chua phan cong,chua soan
10,2026-11-15,Chu Nhat,11:45,G1 - Cộng đồng GITA365,G1-W10-N7,Bai nhe,Moi goi hanh dong,Buổi định hướng nhóm nhỏ tuần này còn chỗ,Nhac buoi dinh huong,Tra loi 1 dong,T0,CARE-1,NHAN_BAN,chua phan cong,chua soan
10,2026-11-15,Chu Nhat,21:00,G1 - Cộng đồng GITA365,G1-W10-CN-TONG,Tổng Kết & Vinh Danh,Moi goi hanh dong,Tổ ấm nào gắn kết nhất tuần qua?,Bang vinh danh + 1 loi moi,Loi moi duy nhat trong tuan,T2,CARE-3,NHAN_BAN,chua phan cong,chua soan
10,2026-11-15,Chu Nhat,21:00,G2 - Gia Đình Thịnh Vượng,G2-W10-CN-VINH,Bảng Vinh Danh Gia Đình,Thi dua & vinh danh,Vinh danh gia đình cho đi nhiều nhất,Bang xep hang 4 bang dau,Co vu it nhat 3 gia dinh,T0,CARE-3,THINH_VUONG,chua phan cong,chua soan
11,2026-11-16,Thu Hai,05:45,G1 - Cộng đồng GITA365,G1-W11-T2-KHOI,Khởi Nguyên,Ket noi & nghi thuc,Bạn đang giữ điều gì đáng lẽ nên chia sẻ?,Bai check-in 3 dong,Viet 3 dong cam ket tuan,T0,CARE-2,NHAN_BAN,chua phan cong,chua soan
11,2026-11-16,Thu Hai,11:45,G1 - Cộng đồng GITA365,G1-W11-N1,Bai nhe,Nhan thuc & tu duy,Một câu để mang theo hôm nay,Anh trich dan co ngu canh,Tra loi 1 dong,T0,CARE-1,NHAN_BAN,chua phan cong,chua soan
11,2026-11-16,Thu Hai,11:45,G2 - Gia Đình Thịnh Vượng,G2-W11-N1,Bai nhe,Ky nang cha me - vo chong,Nhà bạn xử lý thế nào khi hai đứa tranh nhau đồ chơi?,Cau hoi 1 dong,Tra loi 1 dong,T0,CARE-1,THINH_VUONG,chua phan cong,chua soan
11,2026-11-16,Thu Hai,19:45,G2 - Gia Đình Thịnh Vượng,G2-W11-T2-NHIE,Nhiệm Vụ Gia Đình Tuần,Hoat dong gia dinh,Nhiệm vụ tuần: dọn một góc nhà cùng nhau,Bai nhiem vu + cach cham diem,Binh luan Ma gia dinh + cam ket,T0,CARE-3,THINH_VUONG,chua phan cong,chua soan
11,2026-11-17,Thu Ba,11:45,G1 - Cộng đồng GITA365,G1-W11-N2,Bai nhe,Bang chung & cau chuyen,Hậu trường: một buổi làm việc của đội GITA365,Hau truong,Tra loi 1 dong,T0,CARE-1,NHAN_BAN,chua phan cong,chua soan
11,2026-11-17,Thu Ba,11:45,G2 - Gia Đình Thịnh Vượng,G2-W11-N2,Bai nhe,Thi dua & vinh danh,Bảng xếp hạng giữa tuần: nhà bạn đang ở đâu?,Nhac bang xep hang,Tra loi 1 dong,T0,CARE-1,THINH_VUONG,chua phan cong,chua soan
11,2026-11-17,Thu Ba,17:30,G2 - Gia Đình Thịnh Vượng,G2-W11-T3-BAN_,Bàn Ăn Yêu Thương,Hoat dong gia dinh,Câu hỏi bàn ăn: mười năm nữa nhà mình thế nào?,Cau hoi ban an + anh mam com,Chup anh mam com va ke lai,T0,CARE-2,THINH_VUONG,chua phan cong,chua soan
11,2026-11-17,Thu Ba,19:45,G1 - Cộng đồng GITA365,G1-W11-T3-GIAI,Giải Mã,Nhan thuc & tu duy,Vì sao giúp người khác lại làm bạn mạnh lên?,Bai dai + so do,Tai cong cu tren web app,T1,CARE-3,NHAN_BAN,chua phan cong,chua soan
11,2026-11-18,Thu Tu,05:45,G1 - Cộng đồng GITA365,G1-W11-T4-CHO_,Cho Là Nhận,Thuc hanh co huong dan,Mời một người bạn đang cần cộng đồng này,Thu thach trong ngay,"Bao lai da giup ai, viec gi",T0,CARE-2,NHAN_BAN,chua phan cong,chua soan
11,2026-11-18,Thu Tu,11:45,G1 - Cộng đồng GITA365,G1-W11-N3,Bai nhe,Nhan thuc & tu duy,Trả lời một câu hỏi thật của thành viên,Tra loi cau hoi that,Tra loi 1 dong,T0,CARE-1,NHAN_BAN,chua phan cong,chua soan
11,2026-11-18,Thu Tu,11:45,G2 - Gia Đình Thịnh Vượng,G2-W11-N3,Bai nhe,Moi nhan cong cu tang 1,Tặng cả nhà bộ 30 câu hỏi bàn ăn,Moi nhan bo cong cu tang 1,Tra loi 1 dong,T0,CARE-1,THINH_VUONG,chua phan cong,chua soan
11,2026-11-18,Thu Tu,19:45,G2 - Gia Đình Thịnh Vượng,G2-W11-T4-VIEC,Việc Tử Tế Của Gia Đình,Cau chuyen gia dinh,Chia sẻ một kinh nghiệm nuôi con cho nhà khác,Ke lai 3 dong,Ke viec tu te va gan the mot gia dinh khac,T0,CARE-2,THINH_VUONG,chua phan cong,chua soan
11,2026-11-19,Thu Nam,11:45,G1 - Cộng đồng GITA365,G1-W11-N4,Bai nhe,Thuc hanh co huong dan,Thử ngay 5 phút: viết ra ba điều đang chiếm đầu bạn,Thu ngay 5 phut,Tra loi 1 dong,T0,CARE-1,NHAN_BAN,chua phan cong,chua soan
11,2026-11-19,Thu Nam,20:00,G1 - Cộng đồng GITA365,G1-W11-T5-HOI_,Hỏi & Đáp Cùng Cố Vấn,Ket noi & nghi thuc,Xây một đội nhóm tin nhau,Livestream 30-45 phut,Dat cau hoi truoc gio live,T2,CARE-3,NHAN_BAN,chua phan cong,chua soan
11,2026-11-19,Thu Nam,20:00,G2 - Gia Đình Thịnh Vượng,G2-W11-T5-CHA_,Cha Mẹ Tỉnh Thức,Ky nang cha me - vo chong,Nói chuyện với con tuổi dậy thì,Bai ky nang + kich ban noi,Thu toi nay va ke lai,T1,CARE-3,THINH_VUONG,chua phan cong,chua soan
11,2026-11-20,Thu Sau,11:45,G1 - Cộng đồng GITA365,G1-W11-N5,Bai nhe,Bang chung & cau chuyen,Sai lầm tôi từng trả giá đắt,Sai lam cua toi,Tra loi 1 dong,T0,CARE-1,NHAN_BAN,chua phan cong,chua soan
11,2026-11-20,Thu Sau,19:45,G1 - Cộng đồng GITA365,G1-W11-T6-BANG,Bằng Chứng,Bang chung & cau chuyen,Chuyện của một đại sứ GITA365,Cau chuyen chuyen hoa (UGC),Ke cau chuyen cua ban,T1,CARE-3,NHAN_BAN,chua phan cong,chua soan
11,2026-11-20,Thu Sau,19:45,G2 - Gia Đình Thịnh Vượng,G2-W11-T6-KHOE,Khoe Nhà Mình,Cau chuyen gia dinh,Ba thế hệ trong một khung hình,Anh/video + cau chuyen,Dang anh that kem 1 cau chuyen,T0,CARE-3,THINH_VUONG,chua phan cong,chua soan
11,2026-11-21,Thu Bay,08:00,G1 - Cộng đồng GITA365,G1-W11-T7-THUC,Thực Chiến,Thuc hanh co huong dan,Bài tập: ba việc bạn có thể trao lại,Bai tap + mau dien,Nop bai tren web app truoc Chu nhat,T1,CARE-2,NHAN_BAN,chua phan cong,chua soan
11,2026-11-21,Thu Bay,08:00,G2 - Gia Đình Thịnh Vượng,G2-W11-T7-CHOI,Gia Đình Chơi Cùng Nhau,Hoat dong gia dinh,Ngày hội nhỏ tại nhà,Huong dan tro choi 15 phut,Choi va dang anh/video,T1,CARE-2,THINH_VUONG,chua phan cong,chua soan
11,2026-11-21,Thu Bay,11:45,G1 - Cộng đồng GITA365,G1-W11-N6,Bai nhe,Nhan thuc & tu duy,Câu hỏi nhanh: khó nhất với bạn là bắt đầu hay duy trì?,Cau hoi 1 dong,Tra loi 1 dong,T0,CARE-1,NHAN_BAN,chua phan cong,chua soan
11,2026-11-22,Chu Nhat,11:45,G1 - Cộng đồng GITA365,G1-W11-N7,Bai nhe,Moi goi hanh dong,Bộ công cụ tuần này đang nằm ở đâu?,Nhac tai nguyen tang 1,Tra loi 1 dong,T0,CARE-1,NHAN_BAN,chua phan cong,chua soan
11,2026-11-22,Chu Nhat,21:00,G1 - Cộng đồng GITA365,G1-W11-CN-TONG,Tổng Kết & Vinh Danh,Moi goi hanh dong,Ba câu chuyện đáng lan tỏa,Bang vinh danh + 1 loi moi,Loi moi duy nhat trong tuan,T2,CARE-3,NHAN_BAN,chua phan cong,chua soan
11,2026-11-22,Chu Nhat,21:00,G2 - Gia Đình Thịnh Vượng,G2-W11-CN-VINH,Bảng Vinh Danh Gia Đình,Thi dua & vinh danh,Kỷ yếu tuần: những khoảnh khắc đẹp nhất,Bang xep hang 4 bang dau,Co vu it nhat 3 gia dinh,T0,CARE-3,THINH_VUONG,chua phan cong,chua soan
12,2026-11-23,Thu Hai,05:45,G1 - Cộng đồng GITA365,G1-W12-T2-KHOI,Khởi Nguyên,Ket noi & nghi thuc,"Đặt mục tiêu cho người khác, không chỉ cho mình",Bai check-in 3 dong,Viet 3 dong cam ket tuan,T0,CARE-2,NHAN_BAN,chua phan cong,chua soan
12,2026-11-23,Thu Hai,11:45,G1 - Cộng đồng GITA365,G1-W12-N1,Bai nhe,Nhan thuc & tu duy,Bình chọn: bạn hợp với buổi sáng hay buổi tối?,Binh chon A/B,Tra loi 1 dong,T0,CARE-1,NHAN_BAN,chua phan cong,chua soan
12,2026-11-23,Thu Hai,11:45,G2 - Gia Đình Thịnh Vượng,G2-W12-N1,Bai nhe,Ky nang cha me - vo chong,Bình chọn: cuối tuần nhà bạn thích ở nhà hay đi chơi?,Binh chon A/B,Tra loi 1 dong,T0,CARE-1,THINH_VUONG,chua phan cong,chua soan
12,2026-11-23,Thu Hai,19:45,G2 - Gia Đình Thịnh Vượng,G2-W12-T2-NHIE,Nhiệm Vụ Gia Đình Tuần,Hoat dong gia dinh,Nhiệm vụ tuần: viết ra nếp nhà mình muốn giữ,Bai nhiem vu + cach cham diem,Binh luan Ma gia dinh + cam ket,T0,CARE-3,THINH_VUONG,chua phan cong,chua soan
12,2026-11-24,Thu Ba,11:45,G1 - Cộng đồng GITA365,G1-W12-N2,Bai nhe,Bang chung & cau chuyen,Một câu của thành viên khiến cả nhóm dừng lại,Anh trich dan tu thanh vien,Tra loi 1 dong,T0,CARE-1,NHAN_BAN,chua phan cong,chua soan
12,2026-11-24,Thu Ba,11:45,G2 - Gia Đình Thịnh Vượng,G2-W12-N2,Bai nhe,Thi dua & vinh danh,Chào những gia đình mới đăng ký Mã gia đình tuần này,Goi ten gia dinh moi,Tra loi 1 dong,T0,CARE-1,THINH_VUONG,chua phan cong,chua soan
12,2026-11-24,Thu Ba,17:30,G2 - Gia Đình Thịnh Vượng,G2-W12-T3-BAN_,Bàn Ăn Yêu Thương,Hoat dong gia dinh,Câu hỏi bàn ăn: điều gì đáng để nhà mình giữ mãi?,Cau hoi ban an + anh mam com,Chup anh mam com va ke lai,T0,CARE-2,THINH_VUONG,chua phan cong,chua soan
12,2026-11-24,Thu Ba,19:45,G1 - Cộng đồng GITA365,G1-W12-T3-GIAI,Giải Mã,Nhan thuc & tu duy,Di sản bắt đầu từ một thói quen được truyền lại,Bai dai + so do,Tai cong cu tren web app,T1,CARE-3,NHAN_BAN,chua phan cong,chua soan
12,2026-11-25,Thu Tu,05:45,G1 - Cộng đồng GITA365,G1-W12-T4-CHO_,Cho Là Nhận,Thuc hanh co huong dan,Nhận đỡ đầu một Tổ ấm 6,Thu thach trong ngay,"Bao lai da giup ai, viec gi",T0,CARE-2,NHAN_BAN,chua phan cong,chua soan
12,2026-11-25,Thu Tu,11:45,G1 - Cộng đồng GITA365,G1-W12-N3,Bai nhe,Ket noi & nghi thuc,Chào mừng những người mới của tuần,Chao mung nguoi moi,Tra loi 1 dong,T0,CARE-1,NHAN_BAN,chua phan cong,chua soan
12,2026-11-25,Thu Tu,11:45,G2 - Gia Đình Thịnh Vượng,G2-W12-N3,Bai nhe,Moi nhan cong cu tang 1,Bộ 12 trò chơi gắn kết cha mẹ - con cái đã có trên web app,Moi nhan bo cong cu tang 1,Tra loi 1 dong,T0,CARE-1,THINH_VUONG,chua phan cong,chua soan
12,2026-11-25,Thu Tu,19:45,G2 - Gia Đình Thịnh Vượng,G2-W12-T4-VIEC,Việc Tử Tế Của Gia Đình,Cau chuyen gia dinh,Quỹ Cho là nhận: nhà mình góp gì?,Ke lai 3 dong,Ke viec tu te va gan the mot gia dinh khac,T0,CARE-2,THINH_VUONG,chua phan cong,chua soan
12,2026-11-26,Thu Nam,11:45,G1 - Cộng đồng GITA365,G1-W12-N4,Bai nhe,Thuc hanh co huong dan,Thử ngay 5 phút: gọi cho một người bạn đang nghĩ tới,Thu ngay 5 phut,Tra loi 1 dong,T0,CARE-1,NHAN_BAN,chua phan cong,chua soan
12,2026-11-26,Thu Nam,20:00,G1 - Cộng đồng GITA365,G1-W12-T5-HOI_,Hỏi & Đáp Cùng Cố Vấn,Ket noi & nghi thuc,Sống có ảnh hưởng mà không mất mình,Livestream 30-45 phut,Dat cau hoi truoc gio live,T2,CARE-3,NHAN_BAN,chua phan cong,chua soan
12,2026-11-26,Thu Nam,20:00,G2 - Gia Đình Thịnh Vượng,G2-W12-T5-CHA_,Cha Mẹ Tỉnh Thức,Ky nang cha me - vo chong,Truyền nếp nhà mà không áp đặt,Bai ky nang + kich ban noi,Thu toi nay va ke lai,T1,CARE-3,THINH_VUONG,chua phan cong,chua soan
12,2026-11-27,Thu Sau,11:45,G1 - Cộng đồng GITA365,G1-W12-N5,Bai nhe,Bang chung & cau chuyen,Trước và sau: ba mươi ngày của một thành viên,Truoc va sau,Tra loi 1 dong,T0,CARE-1,NHAN_BAN,chua phan cong,chua soan
12,2026-11-27,Thu Sau,19:45,G1 - Cộng đồng GITA365,G1-W12-T6-BANG,Bằng Chứng,Bang chung & cau chuyen,Một câu nói đã đổi hướng cả nhà tôi,Cau chuyen chuyen hoa (UGC),Ke cau chuyen cua ban,T1,CARE-3,NHAN_BAN,chua phan cong,chua soan
12,2026-11-27,Thu Sau,19:45,G2 - Gia Đình Thịnh Vượng,G2-W12-T6-KHOE,Khoe Nhà Mình,Cau chuyen gia dinh,Điều nhà bạn tự hào nhất,Anh/video + cau chuyen,Dang anh that kem 1 cau chuyen,T0,CARE-3,THINH_VUONG,chua phan cong,chua soan
12,2026-11-28,Thu Bay,08:00,G1 - Cộng đồng GITA365,G1-W12-T7-THUC,Thực Chiến,Thuc hanh co huong dan,Bài tập: bản đồ ảnh hưởng của bạn,Bai tap + mau dien,Nop bai tren web app truoc Chu nhat,T1,CARE-2,NHAN_BAN,chua phan cong,chua soan
12,2026-11-28,Thu Bay,08:00,G2 - Gia Đình Thịnh Vượng,G2-W12-T7-CHOI,Gia Đình Chơi Cùng Nhau,Hoat dong gia dinh,Lập cây gia phả cùng con,Huong dan tro choi 15 phut,Choi va dang anh/video,T1,CARE-2,THINH_VUONG,chua phan cong,chua soan
12,2026-11-28,Thu Bay,11:45,G1 - Cộng đồng GITA365,G1-W12-N6,Bai nhe,Nhan thuc & tu duy,Điều ai cũng khuyên nhưng có thể sai với bạn,Goc nhin nguoc,Tra loi 1 dong,T0,CARE-1,NHAN_BAN,chua phan cong,chua soan
12,2026-11-29,Chu Nhat,11:45,G1 - Cộng đồng GITA365,G1-W12-N7,Bai nhe,Moi goi hanh dong,Buổi định hướng nhóm nhỏ tuần này còn chỗ,Nhac buoi dinh huong,Tra loi 1 dong,T0,CARE-1,NHAN_BAN,chua phan cong,chua soan
12,2026-11-29,Chu Nhat,21:00,G1 - Cộng đồng GITA365,G1-W12-CN-TONG,Tổng Kết & Vinh Danh,Moi goi hanh dong,Khép mùa: chúng ta đã cùng nhau đi tới đâu,Bang vinh danh + 1 loi moi,Loi moi duy nhat trong tuan,T2,CARE-3,NHAN_BAN,chua phan cong,chua soan
12,2026-11-29,Chu Nhat,21:00,G2 - Gia Đình Thịnh Vượng,G2-W12-CN-VINH,Bảng Vinh Danh Gia Đình,Thi dua & vinh danh,Khép mùa và mở mùa mới,Bang xep hang 4 bang dau,Co vu it nhat 3 gia dinh,T0,CARE-3,THINH_VUONG,chua phan cong,chua soan
